:020000040800F2
:1000000000080020BD010008BF010008BD70000805
:10001000BF010008BF010008BF010008BF010008C0
:10002000BF010008BF010008BF01000881110008DE
:10003000BF010008BF010008BF010008BF010008A0
:10004000BF010008BF010008BF010008BF01000890
:10005000BF010008BF010008CD7000081171000841
:100060005571000899710008DD710008E905000864
:1000700005060008210600083D060008590600088C
:100080007506000891060008BF010008BF010008BE
:10009000BF010008BF010008BF010008217200086D
:1000A000BF010008BF010008BF010008BF01000830
:1000B000BF010008BF010008BF010008596A00081D
:1000C000856A0008BF010008BF010008F976000832
:1000D0002D770008DD7C0008257D00086D7D000877
:1000E00065720008BF010008BF010008BF010008D9
:1000F000BF010008BF010008BF010008BF010008E0
:10010000BF010008D1180008ED82000861770008DF
:10011000B57D0008FD7D0008BF010008BF01000893
:10012000AD060008C9060008E5060008010700083A
:100130001D070008BF010008BF010008BF0100083B
:10014000BF010008BF010008BF010008BF0100088F
:100150003907000855070008BF010008BF01000863
:10016000BF010008BF0100089D510008BF01000841
:10017000BF010008BF010008BF010008BF0100085F
:10018000BF010008BF010008BF010008BF0100084F
:10019000BF010008BF010008BF010008BF0100083F
:1001A000153A000845430008B94A0008D151000833
:0C01B000FD630008B16A00089D3A0008D9
:1001BC0022E000F000F8FEE72DE9F04F2DED108A5B
:1001CC00C1F80CD0C3689D46BDEC108ABDE8F08F19
:1001DC0000F0D8FA002383F311882846A0470020AA
:1001EC0000F040FEFEE700F0BDFA00F071FC00F0FC
:1001FC00C9FA00DFFEE7000072B6394880F30888C0
:10020C00384880F3098838484EF60851CEF2000180
:10021C00086040F20000CCF200004EF63471CEF2D1
:10022C0000010860BFF34F8FBFF36F8F40F20000E7
:10023C00C0F2F0004EF68851CEF200010860BFF318
:10024C004F8FBFF36F8F4FF00000E1EE100A4EF6A8
:10025C003C71CEF200010860062080F31488BFF3D5
:10026C006F8F00F07BF800F07AF84FF055301F4993
:10027C001B4A91423CBF41F8040BFAE71C49194A4E
:10028C0091423CBF41F8040BFAE71A491A4A1B4B3E
:10029C009A423EBF51F8040B42F8040BF8E70020D9
:1002AC001749184A91423CBF41F8040BFAE700F099
:1002BC0059F800F055F8144C144DAC4203DA54F8CC
:1002CC00041B8847F9E703F0F1FD114C114DAC42CA
:1002DC0003DA54F8041B8847F9E700F042B8000031
:1002EC000008002000100020000000080000002082
:1002FC000008002090BE00080010002068100020AC
:10030C0068100020B0890020A0010008B801000886
:10031C00B8010008BC01000853B94AB9002908BF4C
:10032C0000281CBF4FF0FF314FF0FF3000F00CB82D
:10033C00ADF1080C6DE904CE08F03EFADDF804E0EE
:10034C00DDE9022304B07047704700BF034613F881
:10035C00012B002AFBD1181A0138704770477047DF
:10036C007047FEE71149F0B508200026D1E90134A9
:10037C000A681D46043AAC4210D8E21CD21ADD1EA3
:10038C0022F00302AC4238BF00221344CA689A42DE
:10039C0009D8013801F11001E8D1F0BD52F8047F01
:1003AC0045F8047BE7E743F8046BF0E7D88E0008C8
:1003BC0008B500F03DFF01F043FABDE8084000F03D
:1003CC0000B807F043BF0000014B586A704700BFEC
:1003DC00000C0040034B002258631A610222DA60C1
:1003EC00704700BF000C0040014B0022DA607047E0
:1003FC00000C0040014B5863704700BF000C0040DC
:10040C004FF0E023002258684FF0FF31930003F1C6
:10041C00604303F5614301329042C3F88010C3F886
:10042C008011F3D2704700F1604303F56143090179
:10043C00C9B283F80013012200F01F039A4043094C
:10044C009B0003F1604303F56143C3F880211A60FC
:10045C00704700000B480C49002210B5C0E900227F
:10046C0001234C68226040F8332001330F2B01F13B
:10047C001401F6D1054A4FF0FF335360C2F804342F
:10048C0010BD00BF68100020688F000800000240FB
:10049C002DE9F3470446019191469A4600F0D8F9AC
:1004AC000D2C0BD82C4D01992A680126A6403242FE
:1004BC0008D00027384602B0BDE8F087274800F086
:1004CC000DFCF6E7601CDFF89C8045F8309005EBDE
:1004DC00C00014273243730607FB0487C0F804A03E
:1004EC002A6009D01E4B9A6C42F001029A649A6EF3
:1004FC0042F001029A669B6E16F47E5F09D0184B8F
:10050C009A6C42F002029A649A6E42F002029A6667
:10051C009B6EB9F1000F0CD0142000FB04806A68AC
:10052C0083681A4202D1807CFFF77DFF6B683343EE
:10053C006B6014235C4308EB040158F804004B680F
:10054C00097C1A6822F00F021A600E228A4042605F
:10055C0000221A60AEE700BF68100020588F000818
:10056C0000100240688F00081FB53024CDE902103E
:10057C00CDE9003284F3118800F0F4F8DDE90032A3
:10058C00DDE90210FFF784FF009000F0FBF8002378
:10059C0083F31188009804B010BD000010B40468F7
:1005AC00037C2168427C4068D940006801F00E0150
:1005BC0008420ED001FA03F363600132064B53F884
:1005CC00324034B103EBC203586823465DF8044B48
:1005DC0018475DF8044B70476810002008B500F010
:1005EC0007F90448FFF7DAFF00F01AF9BDE80840F4
:1005FC0000F0F4BD688F000808B500F0F9F8044865
:10060C00FFF7CCFF00F00CF9BDE8084000F0E6BDA8
:10061C007C8F000808B500F0EBF80448FFF7BEFF2C
:10062C0000F0FEF8BDE8084000F0D8BD908F00083F
:10063C0008B500F0DDF80448FFF7B0FF00F0F0F863
:10064C00BDE8084000F0CABDA48F000808B500F052
:10065C00CFF80448FFF7A2FF00F0E2F8BDE808402D
:10066C0000F0BCBDB88F000808B500F0C1F8044814
:10067C00FFF794FF00F0D4F8BDE8084000F0AEBDE1
:10068C00CC8F000808B500F0B3F80448FFF786FFDC
:10069C0000F0C6F8BDE8084000F0A0BDE08F0008EF
:1006AC0008B500F0A5F80448FFF778FF00F0B8F89B
:1006BC00BDE8084000F092BDF48F000808B500F0CA
:1006CC0097F80448FFF76AFF00F0AAF8BDE8084065
:1006DC0000F084BD0890000808B500F089F80448C3
:1006EC00FFF75CFF00F09CF8BDE8084000F076BD19
:1006FC001C90000808B500F07BF80448FFF74EFF8B
:10070C0000F08EF8BDE8084000F068BD309000089D
:10071C0008B500F06DF80448FFF740FF00F080F8D2
:10072C00BDE8084000F05ABD4490000808B500F040
:10073C005FF80448FFF732FF00F072F8BDE808409C
:10074C0000F04CBD5890000808B500F051F8044872
:10075C00FFF724FF00F064F8BDE8084000F03EBD50
:10076C006C90000810B5054CD4E91532134302D037
:10077C00034800F0B3FA0123A36510BDE01000207C
:10078C008090000810B5064C636D13B9A36D002B57
:10079C0002DC044800F0A2FA0023A36510BD00BFE0
:1007AC00E01000208590000810B5064C636D002BFE
:1007BC0001DDA36D13B1044800F090FA0123A36589
:1007CC0010BD00BFE01000208A90000810B5064C48
:1007DC00636D002B02DDA36D002B02DC034800F0DF
:1007EC007DFA0023A36510BDE01000208F90000857
:1007FC0010B5302383F31188074C636D002B01DB9C
:10080C00A36D13B1054800F069FA636D013363659C
:10081C00002383F3118810BDE01000209490000891
:10082C0010B5302383F31188074C636D002B01DD69
:10083C00A36D13B1054800F051FA636D013B63657C
:10084C00002383F3118810BDE0100020999000085C
:10085C00054B5A6D002A02DB9B6D002B02DC034812
:10086C0000F03CBA704700BFE01000209E900008DA
:10087C00044B5A6D12B99B6D002B02DC024800F040
:10088C002DBA7047E0100020A4900008FEE700008D
:10089C00F0B51A4B81620025044687B0586005629A
:1008AC000E4600F077FC04F110030127C4E9043371
:1008BC004FF0FF33C4E90635114AA56004F12C0151
:1008CC00C4E90044656225656565A76580232046FB
:1008DC0000F032FA7368E06007764361094B0093CD
:1008EC00F36801933369CDE90237074B6846CDE9CC
:1008FC00043500F06FFA07B0F0BD00BF18130020EC
:10090C00AA900008AF90000899080008024A536AA0
:10091C0018435062704700BFE0100020002303769C
:10092C00826803691B6899689142FBD25A6803601C
:10093C004260106058607047002303768268036938
:10094C001B6899689142FBD85A680360426010603A
:10095C005860704738B50C46302383F31188FFF785
:10096C0023FF237E0025052B0BD8DFE803F0030AB9
:10097C000A081C16FFF72AFF85F3118838BDE369B6
:10098C001D604FF0FF33E3612046FFF7C7FFFFF711
:10099C001DFF002383F31188F0E7E569FFF758FF8B
:1009AC00AB680133AB60D4E9003213605A60E8E7FE
:1009BC0010B50446FFF74CFF14B9044800F08EF94B
:1009CC002046BDE81040FFF7A9BF00BFC390000848
:1009DC0070B50E4CE6680546FFF74AFF357625687C
:1009EC002B6823605C6001232B76E560EFF30983B1
:1009FC007269643B9A4202D9054800F06FF931469E
:100A0C002846BDE87040FFF7D7BB00BFE0100020C0
:100A1C00B490000870B5104B0D4686B0DE680446E5
:100A2C00FFF726FF6B1C12D033460C4A294668464A
:100A3C0000F0EAFA2046FFF7CBFFFFF709FF009B17
:100A4C0013B1684600F0FAFAF06906B070BD2046A2
:100A5C00FFF7BEFFF8E700BFE010002061090008B7
:100A6C00F8B5134E0446F7680D46FFF701FFA26870
:100A7C00BB68E5619A4204D82046BDE8F840FFF710
:100A8C004DBF3846FFF758FF012305462376F46027
:100A9C00EFF309834269643B9A4202D9054800F09E
:100AAC001DF929462046BDE8F840FFF785BB00BF7D
:100ABC00E0100020B4900008044B1A68DB689068C2
:100ACC009B68984294BF002001207047E0100020E2
:100ADC0038B50D4B1C68D86822681A605360012227
:100AEC002276DC60FFF728FF0546EFF309834269A5
:100AFC00643B9A4202D9054800F0F0F8294620469A
:100B0C00BDE83840FFF758BBE0100020B490000857
:100B1C0038B5074CE568FFF7ABFE23689A68AB68FD
:100B2C009A4203D9BDE83840FFF7D2BF38BD00BFA9
:100B3C00E010002038B50D46044608B1002902DA51
:100B4C00034800F0CBF8C4E90044A56038BD00BFF1
:100B5C001191000870B504460D461646FFF778FE55
:100B6C000CB1002D02DA084800F0B8F8A560236833
:100B7C00A34200D170BD6068436863601C60FFF7DE
:100B8C0017FFC661F3E700BFFA9000081FB53023CA
:100B9C00CDE90210019283F31188FFF7E3FDDDE943
:100BAC0001210398FFF7D6FFFFF7B2FFFFF7EAFD2D
:100BBC00002383F3118805B05DF804FB38B50446B7
:100BCC000D46FFF755FE14B90E4800F087F8A368E0
:100BDC005A1E002AA26012DA1DB9A3604FF0FF3032
:100BEC0038BD094B6268DB682946DC611C605A60C1
:100BFC00052013606360BDE83840FFF70BBF002091
:100C0C00EEE700BFE8900008E010002007B53023A5
:100C1C00CDE9001083F31188FFF7A4FDDDE9001086
:100C2C00FFF7CCFF0090FFF7ADFD002383F3118895
:100C3C00009803B05DF804FB10B5044610B90D48DC
:100C4C0000F04CF8302383F31188FFF78BFDA36879
:100C5C000133002BA36006DC2068036823600021AD
:100C6C005C60FFF7FDFEFFF78DFD002383F3118819
:100C7C0010BD00BFDC90000810B50446FFF7E8FD7E
:100C8C0014B9094800F02AF8A3680133002BA360BB
:100C9C0009DC2068036823605C600023BDE8104019
:100CAC00C361FFF785BE10BDCF90000838B5084C66
:100CBC00084909480123002523706560FFF7E8FD0A
:100CCC0002232370FFF75EFD85F3118838BD00BF4A
:100CDC001813002024910008E010002072B6034B7A
:100CEC001865034B03221A70FEE700BFE0100020CA
:100CFC001813002008B5FFF7ABFDBDE8084000F065
:100D0C00DBB9302383F31188FFF72CBD08B5FFF74F
:100D1C0039FD002383F3118808BD000010B504468B
:100D2C0010B90448FFF7DAFF21460820BDE810404F
:100D3C00FFF770BE389100088B6002230B830023F1
:100D4C0008610B620846704710B50446FFF780FD3A
:100D5C0014B91D48FFF7C2FF6268500708D1A36899
:100D6C00590705D19A4203D29B1AB3F5CC7F02D214
:100D7C001548FFF7B3FFE368FF2B01D8236913B9BC
:100D8C001148FFF7ABFFD4E9012040F8142CA0F177
:100D9C008C0240F81C2C226940F84C2C626940F8FB
:100DAC00482C0A4A40F82C2CE26840F8202C0222ED
:100DBC0000F8102C0022064900F80F2C40F8181CE3
:100DCC0040F8082C283810BD56910008DD010008A9
:100DDC00E010002008B5FFF7B7FFBDE80840FFF7AB
:100DEC00E7BD0000F8B50C4616461F46054648B14F
:100DFC00B1F5CC7F06D340EA01035B0702D1FF2A91
:100E0C0000D817B91048FFF769FF283C2C44FFF7AE
:100E1C0078FFA4F16403E360069B44F8203C0B4B81
:100E2C0044F8043C022300212383094B2361204610
:100E3C002162656144F8247CA660FFF711FEFFF780
:100E4C0065FF2046F8BD00BF44910008DD01000895
:100E5C00E0100020024BDB68D8610F20FFF7B8BD13
:100E6C00E010002007B50190FFF74BFF019803B08D
:100E7C005DF804EBFFF7EEBF07B50190FFF741FFFC
:100E8C000198FFF74BFF03B05DF804EBFFF73EBF93
:100E9C0010B5054CE3680360D8610320FFF798FD9B
:100EAC00E368D86910BD00BFE0100020054BDB687B
:100EBC0021B10360D8610320FFF7ACBD4FF0FF30C8
:100ECC00704700BFE010002003682BB100220260C5
:100EDC00D9611846FFF76CBD7047036823B1002237
:100EEC0002601846FFF7BCBD704707B5CDE900108E
:100EFC00FFF707FFDDE90010FFF7EFFF03B05DF828
:100F0C0004EBFFF703BF10B503689C68A2420CD832
:100F1C005C688A600B604C60216059609968891A22
:100F2C0099604FF0FF33836010BD1B68121BECE718
:100F3C00022938BF022170B504460D4602266019FD
:100F4C00FFF758FAFFF740FA041BA54203D8751CAB
:100F5C002E460446F3E7022E04D9BDE8704001206A
:100F6C00FFF7D4BC70BD0000124B70B5D9610D46B3
:100F7C0003F110014160022A1969826038BF022214
:100F8C00016048601861A8181446FFF723FA02267E
:100F9C00FFF71AFA401B844204D80136A819FFF750
:100FAC0029FAF5E7022E04D9BDE870400120FFF7BD
:100FBC00ADBC70BDE010002070B50D460646FFF7C5
:100FCC0003FA0F490B4653F8102F9A4206D12A46C2
:100FDC0001463046BDE87040FFF7C6BFCB69C41A66
:100FEC002C19936828BF2C46A34202D92946FFF737
:100FFC009FFF224631460348BDE87040FFF783BF90
:10100C00E0100020F0100020F8B504460D461646FE
:10101C001F46FFF71DFC0CB106B115B90648FFF7CA
:10102C005DFE0023C4E90367636129462046BDE8E1
:10103C00F840FFF7C1BF00BF7991000838B50446EE
:10104C00FFF706FC14B91A48FFF748FE194D2B6937
:10105C009C420DD0D4E90032A16813605A609A68A2
:10106C000A449A60002323604FF0FF33AB6138BD14
:10107C002B46226843F8102F5360002222602A6905
:10108C009A4203D1BDE83840FFF7AEB99368A16826
:10109C000B449360FFF798F92A69EB699268C41ABC
:1010AC00A242E4D91344191ABDE83840FFF740BFF7
:1010BC006C910008E01000202DE9F047FFF7C8FB09
:1010CC002A4E06F110082A4F3469FFF77DF9F569AD
:1010DC00A368421B93423ED81D44D4E90032F5610B
:1010EC0013605A60002323603269BA42994601D1D9
:1010FC00FFF77AF9FFF76AFB89F31188D4E903311A
:10110C0020469847302383F31188FFF74DFB636922
:10111C00002BD9D0FFF758F96269A0EB05094A45B5
:10112C0082460CD20220FFF7F1FB00223369BB424E
:10113C0008D151462046BDE8F047FFF715BF2A44B9
:10114C00121AF3E712EB090938BF4A46214640460A
:10115C00FFF7D9FEB7E73269BA4205D01D44291A08
:10116C00BDE8F047FFF7E4BEBDE8F087E0100020D3
:10117C00F0100020EFF3098305494A6B22F00102BD
:10118C004A63683383F30988002383F3118870471B
:10119C0000EF00E0302080F3118862B60C4B0D4A52
:1011AC00D96821F4E0610904090C0A43DA60D3F828
:1011BC00FC20094942F08072C3F8FC200A6842F016
:1011CC0001020A602022DA7783F82200704700BF00
:1011DC0000ED00E00003FA05001000E010B530232C
:1011EC0083F311880E4B5B6813F4006314D0F1EE9B
:1011FC00103AEFF30984683C4FF08073E361094BBC
:10120C00DB6B236684F30988FFF756FC10B1064BA1
:10121C00A36110BD054BFBE783F31188F9E700BF11
:10122C0000ED00E000EF00E0F3010008FE01000813
:10123C001D4B9A6A4FF0FF3210B59A620024996ADE
:10124C009C62996AD96A61F0FF01D962D96AC9B204
:10125C00D962D96A196B1A63196B1C63196B996B78
:10126C0061F080519963996B01F080519963996B8E
:10127C00D96BDA63D96BDC63D96B196C1A641A6C91
:10128C001C641A6C9A6D42F080529A659A6F42F007
:10129C0080529A679B6FFFF7DDF8044B5C60BDE8EA
:1012AC001040FFF7ADB800BF0010024000700040C6
:1012BC009142F8B506460D46144602D38B1A1F2BE5
:1012CC0002D91248FFF70AFD60096F0905F01F01EA
:1012DC00B0EB551F01F101014FF0010303FA01F3CB
:1012EC0038BF56F8271004F01F0203F1FF3356F8ED
:1012FC0020403FBF0B40C2F120018B4024FA02F08A
:10130C002ABF04EA03001843D040F8BDB09100088E
:10131C0070B5054610B91648FFF7E0FC7E227F2118
:10132C002846FFF7C5FF18B1012819D0002070BD61
:10133C003E2249212846FFF7BBFF2F2204463121CC
:10134C002846FFF7B5FF5022064653212846FFF7E3
:10135C00AFFF01340236B440093804FA00F0E6E776
:10136C00302245212846FFF7A3FF01308002DEE73B
:10137C009C91000810B5044610B90948FFF7AEFC63
:10138C0094F8D63094F8D72094F8D5001B0403EBCE
:10139C00026394F8D420134403EB002010BD00BF6B
:1013AC008491000838B50C46054600B111B90748C0
:1013BC00FFF794FC2B79052B01BFAB6A63604FF4EC
:1013CC00007323600CBF0020012038BDC1910008C0
:1013DC00F8B50E4617461D46044608B102B113B9BE
:1013EC000C48FFF77BFCA26A731E2B44934205D971
:1013FC00636B43F0800363630120F8BD0623237104
:10140C003A462B463146204600F0D8FC0523237182
:10141C00F3E700BFDD910008F8B50E4617461D46F0
:10142C00044608B102B113B90C48FFF757FCA26A85
:10143C00731E2B44934205D9636B43F080036363A3
:10144C000120F8BD072323713A462B46314620462E
:10145C0000F0DBFC05232371F3E700BFD4910008F7
:10146C0038B5044610B90748FFF738FC2579052D27
:10147C0006D108232371204600F0EEFC257138BDFF
:10148C000120FCE7CC9100082DE9F04385B004461F
:10149C0002AF10B9BD48FFF721FC0323237120468E
:1014AC0000F080FA00221146204600F0A9FA4FF411
:1014BC00D5723B1D0821204600F0C3FA0246B0B994
:1014CC00012323637B68C3F30323012B09D13B1D49
:1014DC003721204600F0B5FA18B9AD4B7A681340A5
:1014EC00A3B1204600F076FA0125022342E13B1D10
:1014FC0000223721204600F0A4FA28B9A44A7B68C0
:10150C001A40002A00F0A68002232363236B03F009
:10151C000F03022B40F0AB809E4E64253B1D3246E0
:10152C000121204600F077FA0028DAD17B68002BE5
:10153C0080F296805B0003D5236B43F0100323638A
:10154C00002204F108030221204600F0F9FA0246B9
:10155C000028C6D104F138030321204600F071FAAB
:10156C000028BED104F11805A26B2B460921204698
:10157C0000F0E6FA0028B4D1A26B3B4607212046C6
:10158C0000F05FFA81460028ABD1236B03F00F0308
:10159C00022B40F09880804A3B1D0621204600F02B
:1015AC0050FA002840F08D8079497B681940B1FAD7
:1015BC0081F14909204600F003FA236B03F00F0375
:1015CC00022B40F0AF807E227F212846FFF770FE71
:1015DC00012840F2A780002304F1540500934FF436
:1015EC00007208232946204600F0C6FA00287FF432
:1015FC0078AF2846FFF7BEFEA0623B464FF4007260
:10160C001021204600F01DFA054600287FF469AF32
:10161C005F4E3B6833427FF464AF236B13F00E0FC5
:10162C0003F00F0200F08280022A7FF45AAFE36AC3
:10163C001978012900F0A480022900F0A480002967
:10164C0000F09780DFF86081204600F0C8F93B1D60
:10165C00424683E022631146204600F0D1F955E75B
:10166C00013D3FF43EAF6420FFF706FC56E74B4DBF
:10167C004B4ADFF81C81012B18BF154664263B1D15
:10168C0000223721204600F0DCF900287FF429AF36
:10169C007B6813EA080F7FF424AF3B1D2A462921EF
:1016AC00204600F0B8F900287FF41BAF7B68002BB4
:1016BC00FFF640AF013E3FF414AF6420FFF7DCFBB4
:1016CC00DDE7494676E77F216E467E2290B02846BC
:1016DC00FFF7EEFD0DF10808014608B9B54669E7BC
:1016EC00CDF80090062340224146204600F044FAF3
:1016FC00B0B9B8F80C1049BA11F00201EED0294B70
:10170C000093402206234146204600F035FA38B9B2
:10171C0098F8101001F00F010F3918BF0121DDE707
:10172C00B546DEE62846FFF7F3FD65E7E36A197870
:10173C00F9B101297FF4D5AE204600F050F9A26B27
:10174C003B1D3721204600F07CF900287FF4C9AE00
:10175C007B6833427FF4C5AE3B1D02220621204636
:10176C0000F06FF900287FF4BCAE7B6833427FF445
:10177C00B8AE052328460C372371BD46BDE8F0836F
:10178C00DFF8288060E7DFF828805DE7F391000838
:10179C0008E0FFFD0080FFC00001B9030080FF508E
:1017AC0000001080F1FFFF800000B7030001B703B9
:1017BC000002B70337B50D4D0446A26B01AB0D21EA
:1017CC00204600F03EF970B9019B2B420AD1C3F3BD
:1017DC004323042B07D0053B022B03D80A20FFF729
:1017EC004BFBEAE7012003B030BD00BF08E0FFFD72
:1017FC0070B5044610B91148FFF770FA302383F323
:10180C001188FEF7AFFF2379022B4FF0000505D1AD
:10181C00FEF7B8FF85F31188284670BD04232371A9
:10182C00FEF7B0FF85F311882046FFF7C3FF0226B1
:10183C000546204600F0CEF82671EDE7E59100084C
:10184C0000F05EB8044B0360012303710023C0E970
:10185C000A334363704700BF0892000838B50D4641
:10186C00044610B90948FFF739FA302383F311887D
:10187C00FEF778FF2046E56200F05CF80223237146
:10188C00FEF780FF002080F3118838BDFE91000820
:10189C0001F001038A0748BF43F002034A0748BF1F
:1018AC0043F008030A0748BF43F00403CA0648BFC5
:1018BC0043F010038A06426B48BF43F020031A43DF
:1018CC004263704710B5FEF793FF302383F3118802
:1018DC00FEF76AFF084B09480024DC632146FFF73A
:1018EC00F3FAFEF773FF84F31188FEF799FFBDE856
:1018FC001040FFF773BC00BF002801405C130020B0
:10190C0010B5094C2046FFF79DFF084A626400237E
:10191C00C4E90F32E364064B23650921BDE810408E
:10192C003120FEF780BD00BF2013002000366E0171
:10193C0000280140C36A10B504460BB9164BC362AC
:10194C004FF42863A3642379012B1ED1134B9C42C3
:10195C001BD100231A4609210B20FEF799FDA36C1D
:10196C004268E06443F4E623A364236D8033936000
:10197C000B4B1A6E42F480621A66D3F8802042F444
:10198C008062C3F88020D3F88030236D00221A6067
:10199C005A60DA625A6210BD72920008201300205D
:1019AC0000100240036D76225A601A6842F003025E
:1019BC001A605A6842F480725A606420FFF75CBA6D
:1019CC00026D536823F43F7323F0030343F4007355
:1019DC0053607047036D00225A601A607047026DA5
:1019EC005368012923F4C05304D0022905D001B94E
:1019FC005360704743F40063FAE743F48053F7E70E
:101A0C00036D41F480619A60D9605A6B1206FCD563
:101A1C0080229A63704710B5046D41F48861A2600E
:101A2C00E160616B11F04502FBD0A26311F004027E
:101A3C0003D0FFF72DFF012010BD6169196010461E
:101A4C00FAE710B5046D41F48861A260E160616B46
:101A5C0011F04502FBD0A26311F0050203D0FFF791
:101A6C0017FF012010BD616919601046FAE70000EC
:101A7C002DE9F041302305460F46164683F31188B5
:101A8C00FEF770FE2B6DDB6B2BB14FF0FF3105F1C8
:101A9C003C00FFF70BFA2B6D5C6B14F4807406D1D1
:101AAC00FEF770FE84F311880120BDE8F081EA6C2A
:101ABC0051684C68002CFCD1086820F00F000860BD
:101ACC00107C11680E2282404A60094A9A63DC62DB
:101ADC00FEF758FE84F31188012F07D933462246AE
:101AEC0028460C21BDE8F041FFF7ABBF2046DCE7F0
:101AFC00FF054000F7B50192C26C046D57680E46A5
:101B0C00616B3D6825F00F053D60177C15680E2252
:101B1C00BA406A60094AA2630025E563E562FFF7F3
:101B2C00B7FE012E07D9019B2A460C2103B0BDE854
:101B3C00F040FFF786BF03B0F0BD00BFFF054000CB
:101B4C0010B5046D41F49861A260E160616B11F015
:101B5C004502FBD0A26311F03F0203D0FFF798FEC1
:101B6C00012010BD216A1960E1695960A169996071
:101B7C006169D9601046F4E7B2F1807FF7B504468D
:101B8C000F4615461E4602D32448FFF7A7F8236DCF
:101B9C00226C5A622046FFF70DFE38B1204601AA8E
:101BAC000121FFF7A7FF012003B0F0BDE06C4268F4
:101BBC00AB08D7605360C76890F810C03B680F2122
:101BCC0001FA0CF023EA0003B4F84A0000FA0CF016
:101BDC0018433860A36C1360136843F0010313605F
:101BEC00226D0F4B93634FF49573D363204695622C
:101BFC0001ABD162089A3146FFF723FF0028CDD103
:101C0C00084B019A1340002BC8D101AA0121204690
:101C1C00FFF72EFF0028C7D0C0E700BF579200087F
:101C2C00FF05400008E0FFFDB3F5004F2DE9F3413F
:101C3C0004460E4690461D4602D32A48FFF74EF83E
:101C4C00236D226C5A622046FFF7B4FD002837D171
:101C5C00E76C68027B68D7F80CC0C3F80C8082086C
:101C6C005A603F7CDCF800100F22BA4021EA0201D6
:101C7C00B4F84A20BA400A43CCF80020A26C1A608F
:101C8C001A6842F001021A60236D174A9A634FF4E6
:101C9C009572DA639B229862DA62236BDB0658BF7B
:101CAC007602012D01AB32460DD912212046FFF7E9
:101CBC00C8FE50B1204601AA2946FFF71BFF0120A0
:101CCC0002B0BDE8F0811121F0E7084B019A1340F6
:101CDC00002BEFD101AA29462046FFF7C9FE0028A8
:101CEC00EED0E7E742920008FF05400008E0FFFD58
:101CFC00B3F5004F2DE9F34104460E4690461D46C0
:101D0C0002D32B48FEF7EAFF236D626C5A62204621
:101D1C00FFF750FD002837D1E76C68027B68D7F8D5
:101D2C000CC0C3F80C8082085A603F7CDCF80010B1
:101D3C000F22BA4021EA0201B4F84A20BA400A4301
:101D4C00CCF80020A26C276D42F010021A601A68C1
:101D5C0042F001021A60174BBB634FF48D73FB63A7
:101D6C00236BB862DB0658BF7602012D01AB3246FD
:101D7C000DD919212046FFF764FE50B1204601AA67
:101D8C002946FFF7B7FE012002B0BDE8F08118210B
:101D9C00F0E7094B019A1340002BEFD19923FB621A
:101DAC0001AA29462046FFF763FE0028ECD0E5E7A0
:101DBC002C920008FF05400008E0FFFD12F0030F15
:101DCC002DE9F04107460C4615461E4619D00E4427
:101DDC0000F15408B44202D10020BDE8F081012387
:101DEC00424621463846FFF71FFF0028F5D128460A
:101DFC004FF40072414606F0DBFF05F50075013427
:101E0C00E8E7BDE8F041FFF70FBF12F0030F2DE933
:101E1C00F04107460C4615461E4619D00E4400F1FB
:101E2C005408B44202D10020BDE8F08129464FF499
:101E3C000072404606F0BCFF01234246214638465C
:101E4C0005F50075FFF754FF0028EDD10134E8E7E4
:101E5C00BDE8F041FFF74CBF002070477F2810B55C
:101E6C0006D931B1FF2811D8094B803833F810004E
:101E7C0010BD074A32F8024B84428BB203D00131B9
:101E8C008029F7D10B468033D8B2F1E70020EFE779
:101E9C00749200080649002331F8022B22B18242C9
:101EAC0003D1044A32F8130070470133F4E700BF42
:101EBC00749300085495000810B513460A46014661
:101ECC000448FFF785FA044608B106F05FFC20468B
:101EDC0010BD00BF2013002010B513460A46014662
:101EEC000448FFF799FA044608B106F04FFC204667
:101EFC0010BD00BF20130020024B1879053818BF05
:101F0C0001207047201300200020704710461A460D
:101F1C00FFF7D2BF10461A46FFF7DEBF084603296B
:101F2C0003D8DFE801F00C04080D04207047064BC1
:101F3C009B6A136002E04FF400731380002070471B
:101F4C004FF48073F5E700BF2013002008B500EBB9
:101F5C004003044800EB830008600121FEF7EAFD12
:101F6C00012008BD7415002008B56FF00102002196
:101F7C00FEF70CFE012008BD08B542F21071FEF709
:101F8C0045FEB0FA80F0400908BDFEF755BE06F0DC
:101F9C0077BD06F07DBD00687047C3690239023B0E
:101FAC008B4283BF4389006B01FB03000020704709
:101FBC00836A026804335289490AB1FBF2F118684A
:101FCC0030B1814202D3091A0833F8E75868084443
:101FDC007047C2F307238A76CB760378032B01BFB5
:101FEC00120C0A75120A4A75704700F10B01002297
:101FFC00D30143EA520310F8012B52FA83F38842BF
:10200C00DAB2F5D110467047026810B552B11146DC
:10201C000B4611F8014B1F2C0CD93A2CF8D1511C42
:10202C008B4202D04FF0FF3005E01278302AF9D104
:10203C0001330360002010BD48B10C2902D80A29D5
:10204C0002D970470F2902D00069FFF79EBF704775
:10205C0001380A4411F8013B00F8013F9142F9D1D3
:10206C0070472DE9F041466B00F138080446012316
:10207C00407832464146FFF74DFF0546A8B9A36AA2
:10208C00226AE070F31A934202D2A778012F02D889
:10209C002846BDE8F081236A60781E44324601234D
:1020AC004146FFF737FF013FF0E70125F0E7C37822
:1020BC000BB1FFF7D6BF1846704738B5436B8B4250
:1020CC0005460C4610D0FFF7F2FF60B9224668783F
:1020DC00012305F13801FFF719FF00281CBF4FF051
:1020EC00FF3401206C6338BD0020FCE7002310B5E1
:1020FC00C3704FF0FF3343630446FFF7DEFF034624
:10210C0018BBB4F836124AF6552291421FD194F8F6
:10211C003820E92A05D0A26B0F4902F0FF128A423F
:10212C0017D104F16E00FFF736FF0C4A20F07F4008
:10213C00904208D004F18A00FFF72DFF084BC01A1B
:10214C0018BF01204300184610BD0423FBE70323EE
:10215C00F9E70223F7E700BFEB009000464154007B
:10216C004641543301292DE9F84306460C461546E1
:10217C0076D9C3698B4273D90378022B3FD0032BDA
:10218C0050D0012B6CD101EB5107816A01EB572127
:10219C00FFF793FF034638BB06F1380807F1010936
:1021AC00C7F3080714F001041FBF18F807202B0110
:1021BC0003F0F00302F00F0214BF1343EBB208F864
:1021CC000730B16A0123F37001EB59213046FFF758
:1021DC0074FF034640B9C9F3080944B1C5F30712AB
:1021EC0008F809200122F2701846BDE8F88318F8A7
:1021FC00092022F00F01C5F303220A43F0E7816A9C
:10220C0001EB1421FFF759FF03460028ECD16400C1
:10221C0006F1380204F4FF7411191555C5F30722A1
:10222C004A70DFE7816A01EBD411FFF746FF0346E2
:10223C000028D9D1A40006F1380704F4FE7439192A
:10224C000846FFF7A8FE25F0704200F070400243EC
:10225C00100A3A554870100C120E8870CA70C1E7FB
:10226C000223C1E703284B8B04BF8A8A43EA02434B
:10227C00184670470129F8B506460C464ED9C36975
:10228C0099424BD20378022B29D0032B34D0012B4B
:10229C0044D101EB5105816A01EB5521FFF70DFF8C
:1022AC0010B14FF0FF30F8BD6F1CB16AC5F30805D3
:1022BC00354401EB5721304695F83850FFF7FDFEB9
:1022CC000028EED1C7F30807374497F8383045EAB1
:1022DC000320E3074CBF0009C0F30B00E3E7816A5E
:1022EC0001EB1421FFF7E9FE0028DAD1640004F4B5
:1022FC00FF743444208FD6E7816A01EBD411FFF7C9
:10230C00DCFE0028CDD1A40006F1380004F4FE74E4
:10231C002044FFF740FE20F07040C4E70120C2E7E4
:10232C0073B50C46012C0568064611462CD9EB6991
:10233C00A34229D92AB14FF0FF322846FFF712FFEA
:10234C0040B9214630680194FFF794FF0199044687
:10235C0010B9002002B070BD012815D0431C15D057
:10236C0000222846FFF7FEFE0028F3D1D5E90632FD
:10237C00911E8B4205D20133AB612B7943F00103E3
:10238C002B71A242DDD8E4E70220E3E70120E1E76C
:10239C002DE9F041056880460F4671B96E69EEB1C2
:1023AC00EB69B34298BF01263446EB690134A34272
:1023BC0017D8012E14D1002406E02846FFF75AFF47
:1023CC000128044603D801242046BDE8F081431CB3
:1023DC0030D0EB698342F7D83E46E5E70126E3E7C8
:1023EC000224D8F800002146FFF744FF30B1012841
:1023FC00E9D001301ED0B442D7D1DCE74FF0FF3228
:10240C0021462846FFF7AEFE90B957B9D5E90632FA
:10241C00023A93426C6110D32B7943F001032B7178
:10242C00D2E7224639462846FFF79CFE0028EDD01D
:10243C000128C8D14FF0FF34C6E7013BAB61EBE795
:10244C00B1F5001FF8B5056806460C4601D302200D
:10245C00F8BDCA06FBD182680161BAB92B78022B90
:10246C0001D9EB6A9BB92B89B3EB541FEFD9E86AFE
:10247C00C6E905200028EAD000EB54203835C4F317
:10248C0008042544B061F5610020E1E713466F892B
:10249C001A467F02BC42114603D22846FFF77DFD47
:1024AC00E6E73068FFF7E6FE431C024606D001283B
:1024BC00CDD9EB698342CAD9E41BEBE70120C7E70E
:1024CC0070B50E46054620B900233360092420461A
:1024DC0070BD0368002BF7D01A78002AF4D0D98885
:1024EC0082889142F0D15878FFF70EFD10F001046C
:1024FC00EAD12B6833601869FFF73EFD002808BF4E
:10250C000F24E4E703692DE9F04703F12008836900
:10251C0005468A468BB1B8F5001F0ED2C8F30807E2
:10252C000468002F50D141690133836139B9238983
:10253C00B3EB581F48D80023AB6104200DE0B4F86E
:10254C000A9009F1FF3919EA58293DD12046FFF7C5
:10255C0091FE0128064602D80220BDE8F087421CF5
:10256C0001D10120F9E7E369834227D8BAF1000FC2
:10257C00E1D069692846FFF70BFF0646002836D0E4
:10258C000128E9D0431CECD02046FFF790FD002831
:10259C00E7D104F1380304F50E7203F8010B9342F2
:1025AC00FBD131462046FFF7F8FC4FF0010A638956
:1025BC00606399450FD3A0EB090060636E613146EF
:1025CC002046FFF7EAFCA86138343C44C5F810807B
:1025DC00EC610020C1E784F803A02046FFF741FD21
:1025EC000028BED1606B09F101090130DFE707203B
:1025FC00B3E700002DE9F04F002185B0D0F800B012
:10260C000446FFF71DFF0646002840F098804FF067
:10261C00FF3A4FF0FF08C4F82CA0C146A1695846F8
:10262C00FFF74BFD0646002840F08980E5692F78BE
:10263C00002F00F08880EA7AE52F02F03F03A371A7
:10264C0003D0100704D50F2B04D0C4F82CA050E0F5
:10265C000F2B56D194F82B30590640D47A0646D518
:10266C00236995F80D80E36207F0BF076B7B434548
:10267C003FD16B8B002B3CD12E78DBF80C300093C8
:10268C0006F03F06013E0D23DFF8C4905E430122A5
:10269C0019F8013BEB5A7AB37F2E2AD818460393CC
:1026AC00FFF7F8FB009B0290711C33F816000191A8
:1026BC00FFF7F0FB029A82421BD1039B01991A4649
:1026CC000E46224B9945E3D12B785B0604D51AB103
:1026DC00009B33F8163063B9013F5FFA87F900218C
:1026EC002046FFF70FFF0646002897D027E0B94594
:1026FC00BCD04FF0FF09F2E74FF6FF718B42E0D0F0
:10270C00F7E7B9F1000F04D12846FFF76EFC4045FE
:10271C0015D094F82B6016F0010696D104F1200226
:10272C0005F10B0115F8013B12F8010B8D42A3EBDF
:10273C00000302D0002BF5D087E7002B85D1304663
:10274C0005B0BDE8F08F0426F9E700BFD19700086B
:10275C00C4970008F0B5002385B00B600F461546F2
:10276C00FFF752FC061EC0F210818C4B53F826402A
:10277C00002C00F00C812069FFF7FEFB002800F014
:10278C0008813C60237805F0FE0563B16078FFF7A3
:10279C00BBFBC70707D41DB110F0040500D00A25F8
:1027AC00284605B0F0BD0023F0B223706070FFF72F
:1027BC00A3FBC10700F1EF800DB14207EFD400215C
:1027CC002046FFF793FC022840F0C6806F4604F5C4
:1027DC00FF7304F23E213A4613F8040C10B118466C
:1027EC00FFF7D9FB10338B4242F8040BF4D10025D0
:1027FC0057F8046B002E00F0A68031462046FFF7F8
:10280C0075FC012800F2A080B4F84330B3F5007FCA
:10281C0040F0A680B4F84E1021B904F15C00FFF72B
:10282C00BAFB014694F848202162531E012BA2707A
:10283C0000F2968094F845506581002D00F0908050
:10284C006B1E2B4240F08C80B4F8497027813B07FB
:10285C0040F08680B4F84B0018B904F15800FFF72B
:10286C009AFBB4F84630002B7AD001FB02FC03EB48
:10287C00171EE644704573D3A0EB0E00A842B0FBC4
:10288C00F5F26DD34FF6F57082426DD840F6F575C2
:10289C00AA428CBF02250125023233440EEB0600FE
:1028AC00032DE2616662A36220635FD1B4F86230EB
:1028BC003B4355D104F16400FFF76DFB920002F22B
:1028CC00FF12B1EB522FE0624AD34FF0FF33C4E951
:1028DC000533032D4FF0800323712BD1B4F86830EE
:1028EC00012B27D1711C2046FFF7E7FB10BBB4F876
:1028FC00362220714AF655239A421BD104F1380036
:10290C00FFF749FB264B984214D104F50770FFF7EB
:10291C0042FB03F1FF5303F500532033984209D1D6
:10292C0004F50870FFF737FBA06104F50970FFF799
:10293C0032FB60611B4A2570138801339BB21380F4
:10294C00E38000252CE703200135042D7FF450AFE4
:10295C00042805D1012523E70428FBD0012801D93F
:10296C000D251DE700264FE7032595E7002FF7D02F
:10297C00022D03EB0C004FEA42031BBF9B1802F025
:10298C0001021A4602EB530299E70B2508E70C25C6
:10299C0006E70F2504E7032502E700BF801500209A
:1029AC0052526141841500202DE9F04F90F82B50C4
:1029BC0015F0A00589B0044640F090800668F268D6
:1029CC0032F81530002B67D104F120070C22394660
:1029DC0005A8FFF73DFB9DF81F30DB0740F1878012
:1029EC004023DFF8448284F82B304FF0010A0B228D
:1029FC0005A93846D6F80C90FFF72AFBBAF1050F5B
:102A0C005BD9A9F10201534631F8022F002A45D1B6
:102A1C0005A8072203F00F0C0CF13001392988BFEF
:102A2C000CF137010F2B00F8011D02F1FF324FEAB8
:102A3C00131144D802F120036B447E2103F8141CBB
:102A4C0004F11F0108460023934206D010F801CF71
:102A5C00BCF1200F03F1010E33D1072A9CBF02F108
:102A6C002000684403F1010396BF10F8140C2020D9
:102A7C000132072BC854F0D92046FFF7BBFD814625
:102A8C0078BB0AF1010ABAF1640FB0D14FF0070913
:102A9C00484609B0BDE8F08F013591E7102002F0EF
:102AAC00010C0CEB430313F4803F18BF83EA0803BB
:102ABC0001384FEA5202F2D1A6E75346A8E70B467B
:102ACC00A8E77346C0E7804601212046FFF71AFDB0
:102ADC00814610B3B9F1040FD8D0D9E74FF00609ED
:102AEC00D6E70428D4D19DF81F3084F82B309DF8FC
:102AFC001F30D4F800A09B0748BF0C354FF00001E5
:102B0C00204649BF0D230125B5FBF3F50135FFF731
:102B1C0097FC81460028DDD18046A1695046FFF71D
:102B2C00CCFA81460028D5D1E3691B78E52B01D07E
:102B3C00002BC8D108F101084545C5D1013D55D040
:102B4C0021692046A1EB4511FFF77AFC814600284C
:102B5C009ED13846FFF749FA4FF6FF780190A169EC
:102B6C003046FFF7AAFA8146002891D1E369019A11
:102B7C00D6F80CE05A73E9B24FF00F024FF00D0C7F
:102B8C00DA72DFF8A8A018734A1E0CFB02F29876D2
:102B9C00D87684461AF8019B404518BF3EF81200BF
:102BAC0003F8090003EB090B0CF1010C18BF0132FF
:102BBC004FEA1029002808BF4046BCF10D0F8BF8D6
:102BCC000190E7D1404502D03EF812200AB941F0FD
:102BDC00400119700123F37000212046FFF792FC8D
:102BEC00814600287FF454AF013DB8D1A16930462D
:102BFC00FFF763FA814600287FF44AAFE369014688
:102C0C0003F1200203F8011B9A42FBD10B22E0696D
:102C1C003946FFF71DFA94F82B30E26903F01803DC
:102C2C0013730123F37033E721100100C4970008DC
:102C3C002DE9F74F0368009305468A4611F8013BCE
:102C4C002F2BFAD05C2BF8D00021A9609AF8003019
:102C5C001F2B00F2AE808023284685F82B3003B062
:102C6C00BDE8F04FFFF7ECBB0136B6E0812E0BD080
:102C7C000121FFF7F3F838B17F2807D8834911F801
:102C8C00013B1BB19842FAD106204EE029F8020F05
:102C9C00374697E038F81730202B02D02E2B40F017
:102CAC00A880013FA2E00131B3E0C14505D2BB428F
:102CBC004BD1B8F10B0F40D102E0B8F10B0F37D16B
:102CCC0044F003044FF00B0895F82030E52B04BFBB
:102CDC00052385F82030B8F1080F04BFB600F6B212
:102CEC0006F00C030C2B03D006F00302032A01D1CF
:102CFC0044F00204A10709D406F00306012E08BF14
:102D0C0044F01004042B08BF44F0080485F82B4051
:102D1C002846FFF76FFC95F82B30002838D0042894
:102D2C0003D113F0040F08BF052003B0BDE8F08FEA
:102D3C00BB4202D044F00304C6D8B600F6B23B4600
:102D4C004FF00B084FF008098EE07F280CD90021BA
:102D5C000193FFF783F844F00204019B58B14C4AED
:102D6C00104410F8800C30B14A4A12F8011B0029AB
:102D7C007ED08142F9D144F003045F2005EB0901B8
:102D8C0009F1010981F820006EE046F00206F5E732
:102D9C005A07CAD4AB79DB0668D5009B03F138011E
:102DAC002B69C3F308031944009B1878FFF75AFAF0
:102DBC00A8602B68D3F80CB0ABF102080AF1FF3411
:102DCC00C146002714F8010F1F2807F101060CD982
:102DDC002F2802D05C287FF449AF1AF806302F2B2D
:102DEC003FF442AF5C2B3FF43FAFB244002F7FF473
:102DFC0051AF00232BF81730002F3FF445AF05F1EE
:102E0C00200305F12B01202403F8014B8B42FBD14D
:102E1C0000213BF81130202B3FF445AF2E2B3FF413
:102E2C0042AF1F288CBF00240124A40009B144F038
:102E3C00030438F817302E2B01D0013FF9D14FF095
:102E4C0000094FF008084E463BF811004B1C0028B7
:102E5C003FF43AAF202805D02E287FF426AFBB4292
:102E6C003FF427AF44F003041946EDE705205CE777
:102E7C00A0F14101192988D9A0F1610119299EBF3E
:102E8C00203846F0010680B278E700BF349700087E
:102E9C00449700083D97000838B50446FFF707F93A
:102EAC00002851D12378032B46D12379012B43D110
:102EBC0004F1380104F50E720B46054603F8015B6C
:102ECC009342FBD1552384F83632AA2384F8373247
:102EDC00522384F8383084F83930612384F83A303E
:102EEC0084F81F32A36984F82032412284F83B20F5
:102EFC0084F81E221A0A84F821221A0C1B0E84F85C
:102F0C002332636984F822221A0A84F825221A0CC7
:102F1C0084F82622626A84F8243272201B0E013255
:102F2C0084F81C0284F81D0284F8273260786263EE
:102F3C000123FEF7EFFF2571002260781146FEF7A2
:102F4C00EDFF003818BF012038BD0000F0B585B08A
:102F5C00CDE9001003A816460391FFF755F8051E9E
:102F6C002ADB174F57F825404CB12069FEF7FCFFC0
:102F7C0018B90224204605B0F0BD00232370019C33
:102F8C0084B947F82540002CF4D0012E16D101A9A4
:102F9C0000226846FFF7DEFB044601460198FFF766
:102FAC004BF8E7E72146002301F8103BE8B2FEF7A7
:102FBC00CDFF0028E5D1DCE70B24DBE70024D9E7C3
:102FCC00801500202DE9F04790B0914601910546FF
:102FDC00002800F0EB8002F03F073A4602A901A856
:102FEC00FFF7B8FB002840F0DF80029E03964FF4F9
:102FFC008170FEF7CCFF804640B911213046FFF7B7
:10300C001BF81124204610B0BDE8F087F060019940
:10301C0003A8FFF70DFE044620B99DF93730002BAD
:10302C00B8BF062419F01C0F7CD0002C48D0042CFF
:10303C003BD103A8FFF7B8FC0446B0BB47F0080728
:10304C000A9B002421204C219C73DC731874597446
:10305C000A9B9C75DC75187659760A9B2022DA72CD
:10306C000A993078FFF7FEF8224681463046FEF783
:10307C00B0FF0A9B1C775C779C77DC770123F3709D
:10308C00B9F1000F27D02246494603A8D6F834A040
:10309C00FFF746F9044640B951463046FFF70DF8A4
:1030AC0009F1FF3171610446A8B14046FEF771FF8A
:1030BC000CB100232B6002982146FEF7BDFFA1E75F
:1030CC009DF8123013F0110F37D119F0040F65D1A0
:1030DC0019F0080FB4D1736B2B6239070A99696226
:1030EC00307848BF47F04007FFF7BCF8A86001F103
:1030FC001C00FEF750FF0023F288AA8005F12C0972
:10310C00E860AB622E602F746B74EB616B6105F53C
:10311C000B714A4602F8013B8A42FBD1BA060ED427
:10312C000024C2E7002CC0D19DF81230DC0637D445
:10313C0019F0020FCFD0D807CDD50724B5E7EF682B
:10314C00002FEDD07489A9686F616402BC4217D35B
:10315C000024A961002CA8D1C7F30803002BDFD0F1
:10316C003046FEF71AFFE8B100EB5722EA6170789F
:10317C0001234946FEF7CAFE041E18BF012494E73A
:10318C002868FFF777F801280146A7EB040703D955
:10319C00431CDBD10124DCE70224DAE7082484E7B2
:1031AC00042482E7022480E7044682E7092429E705
:1031BC002DE9F04F85B090460193019A00238A4681
:1031CC00136003A90446FFF77BF9054608B9657C33
:1031DC0025B103982946FEF72FFF09E0257C039EB5
:1031EC0015F0010508D107213046FEF725FF07250C
:1031FC00284605B0BDE8F08FE7686369FF1A4745BC
:10320C0028BF474604F12C0B2FB939463046FEF740
:10321C0013FF3D46ECE76169C1F30803002B7CD139
:10322C00B6F80A9009F1FF3919EA5123009319D124
:10323C0039B9A06801280FD8022565742946304693
:10324C00C9E7A36A1BB12046FEF7B2FEF2E7A169FB
:10325C002068FFF70FF8EDE7431C02D101216174E0
:10326C00EDE7A061A1693046FEF797FE0028E3D098
:10327C00009BB7F5007F03EB000832D3009A7389EB
:10328C00707802EB57229A4288BF009A4FEA57296E
:10329C0088BFA3EB02095FFA89F342465146FEF759
:1032AC0035FE0028DAD194F91030002B0BDAE069E6
:1032BC00A0EB0800484506D24FF4007259460AEBC1
:1032CC004020FEF7C5FE4FEA49286369019A434442
:1032DC006361019B1B684344C2441360A7EB08075E
:1032EC0092E7E269424516D094F910307078002BC1
:1032FC0009DA01235946FEF70DFE0028AED1237CD6
:10330C0003F07F0323747078012342465946FEF77D
:10331C00FDFD0028A2D1C4F81C806169C1F308012D
:10332C00C1F50078B84528BFB846424659445046C6
:10333C00FEF78EFEC9E773B501A90546FFF7C0F885
:10334C000446002843D12B7C019E13F040043ED050
:10335C001B0613D5EA697078012305F12C01FEF7E1
:10336C00D9FD38B101213046FEF766FE0124204616
:10337C0002B070BD2B7C03F07F032B74296A30469E
:10338C00FEF79BFE044610BB696ACB7A43F0200320
:10339C00CB72AA682868FEF71CFEEB680B771A0A3A
:1033AC004A771A0C1B0ECB7721230B764C234B76CA
:1033BC0001238C75CC758C74CC748A773046F37081
:1033CC00FFF76AFD2B7C23F0400304462B74019815
:1033DC002146FEF731FECAE737B50546FFF7ABFFCE
:1033EC00044650B901A92846FFF76AF8044620B9EB
:1033FC00286001460198FEF71FFE204603B030BD41
:10340C002DE9F04F85B00E4603A90546FFF758F895
:10341C00044608B96C7C3CB103982146FEF70CFEBF
:10342C00204605B0BDE8F08FAB6A039F002B78D027
:10343C00721C3AD11E46D5F8089056F804BB4FF0D2
:10344C000208B9F1000F25D048464FF0000A01469A
:10345C0001902868FEF70EFF012801990AF1010A74
:10346C0004D802246C741DE08146EDE7431C01D1A5
:10347C000124F7E701318142E9D008F10208C34584
:10348C0021BF334643F808ABC6F804901E46FB69CF
:10349C008342E9D8AB6AD845C3F8008000F2B48007
:1034AC000023336021463846B8E7EB689E4228BFBC
:1034BC001E466E61002EF5D006F1FF3841462846B7
:1034CC00FEF776FD0146A8613846FEF766FD00283A
:1034DC00C7D0C6F308067B89002EE3D05E1E06EA31
:1034EC0058260644EA69B242DCD095F91030787857
:1034FC00002B05F12C010ADA01230191FEF70AFDDC
:10350C0001990028B4D12B7C03F07F032B747878BD
:10351C0001233246FEF7FAFC04460028A8D1EE61DE
:10352C00C0E7EB68B34204D22A7C12F0020F08BF4A
:10353C001E4600226B696A617EB90026EA686B69D7
:10354C00934282BF2A7CEB6042F04002C3F3080333
:10355C0088BF2A74002BA5D0C4E7B7F80A804FEABD
:10356C00482813B3013B721EB3FBF8F1B2FBF8F21F
:10357C008A421AD3C8F100021340A9696B61F61A8A
:10358C000029DAD046456B691ED86B6933446B61F0
:10359C00C6F30803002BD0D03846FEF7FEFC0028FB
:1035AC003FF45FAF00EB5626C8E7A96851B928462F
:1035BC00FEF7EEFE012801463FF453AF481C3FF4E2
:1035CC0057AFA960A961DBE743446B612B7C9A0779
:1035DC00A6EB080906D52846FEF7DAFE064628B9FA
:1035EC000146D2E72868FEF745FE0646731C3FF4F9
:1035FC003FAF012E7FF635AFFB69B3427FF631AF9B
:10360C00AE6131464E46BDE711244BE72DE9F3413F
:10361C0004469046064600254F1EAF4210DD01AB16
:10362C00012269464046FFF7C3FD019B012B07D1E0
:10363C009DF8003006F8013B0A2B05F10105ECD191
:10364C0000239D4214BF20461846337002B0BDE8DB
:10365C00F0810EB403B503AA52F8041B019204F0D6
:10366C005DF902B05DF804EB03B07047436810B528
:10367C0004460C2B0BD8DFE803F0071113150A0ACC
:10368C000A0A0A0A17191B000B4804F01BFA237AC2
:10369C0083B1BDE81040094804F014BA0848F4E7B7
:1036AC000848F2E70848F0E70848EEE70848ECE776
:1036BC000848EAE710BD00BFD19700080998000838
:1036CC00D7970008DF970008E9970008F1970008E2
:1036DC00F997000801980008437A372B2AD016D89E
:1036EC00172B29D00BD8082B28D00D2B28D01949F3
:1036FC00194A032B08BF1146184804F0E3B91D2BD7
:10370C0020D01449164A262B08BF1146F4E7C02BCB
:10371C001AD007D8502B19D00E49124A862B08BF45
:10372C001146E9E7C52B13D00A490F4ACD2B08BF28
:10373C001146E1E70D49DFE70D49DDE70D49DBE710
:10374C000D49D9E70D49D7E70D49D5E70D49D3E721
:10375C000D49D1E75B9800081198000861980008A2
:10376C003498000841980008479800083B980008D6
:10377C0026980008189800081F9800082D98000833
:10378C00549800084F9800084D980008094B0A48B7
:10379C001A685B6810B50260084A094C116803711D
:1037AC000023437143F2390304FB0133136083712B
:1037BC0010BD00BFD81500208C150020041000206F
:1037CC006D4EC64137B504463349D0F8180104F0A4
:1037DC001BF868B9314B3248196804F073F9314859
:1037EC00FFF77AFF2F4803B0BDE83040FFF73EBF2C
:1037FC002D49D4F8180104F007F80546F8B9D4F8A7
:10380C00141104F5827204F021F890B12A4601A932
:10381C0005F074FA019B1B785BB9C3B20B2B08D86B
:10382C00224A2048D35C437203B0BDE83040FFF716
:10383C0053BF1F492046FFF70CFF03B030BD1D4995
:10384C00D4F8180103F0E0FF0546F0B9D4F81411D0
:10385C0004F5827203F0FAFFA0B12A4601A905F023
:10386C004DFA019B1B7873B9134B144900280EBFFA
:10387C00002501251946124B12481D7004F022F93F
:10388C001149D7E705460D49F5E7D4F818210F493A
:10389C002046FFF7DEFED0E77D9800088815002053
:1038AC0083980008D81500209098000817990008F4
:1038BC0099980008A49800086C980008749800085F
:1038CC00CA150020B2980008C5980008CA980008CC
:1038DC0038B504460D46302383F31188FCF742FFBC
:1038EC004FF0FF336362236820461B68C4E9075519
:1038FC009847FCF747FF002383F3118838BD00007D
:10390C000138022810B527D8144B1C56144B5A6892
:10391C00A24221D05C6000F0F3F80B2C0AD00C2CE6
:10392C0013D00A2C18D10F490F48FFF7D1FF0F49BC
:10393C00002205E00E490C48FFF7CAFF0D49002292
:10394C00BDE810400C4800F01DBF0C490648FFF7BD
:10395C00BFFF0B490022F3E710BD00BF149900080C
:10396C00D81500209415002038170020E698000880
:10397C00B8150020DB980008301C0020A61500208C
:10398C00F09800082DE9F0470027DFF87490DFF875
:10399C0074A0804604463D463E46D8F80030BB42F3
:1039AC0007D8164B1B68B3421ED8AE4222D3012057
:1039BC000CE099F8003033B194F90B30227A61683D
:1039CC00504604F07FF8627A207A1AB1BDE8F047CD
:1039DC00FFF796BF012803D1013601370834DCE725
:1039EC00032808BF0135F8E7AB4205D8AE4203D235
:1039FC000320EBE7AB42FBD9BDE8F08700100020B9
:103A0C00CA150020FB9800081D4A00230121032041
:103A1C00137053709370D370137153719171D37180
:103A2C001372C2F80A3050729373D37313745374B5
:103A3C00144A137053709370D37013715171917148
:103A4C00D3711372C2F80A3050729373D373137418
:103A5C0053740D4A137053709370D370137151716A
:103A6C009371D3711372C2F80A3050729373D3737B
:103A7C0013745374054AC2E900339360704700BF56
:103A8C00B815002094150020A6150020CC15002098
:103A9C00034B186818B19968091A04F089BE70476D
:103AAC00CC150020036837B50025DB682946044691
:103ABC00984784F8885084F8895084F88A5084F8A0
:103ACC008B5003B030BD13B5026C01916FF04043C5
:103ADC009C18026B02EB8402C9B25163C26D991837
:103AEC00C26C02EB81029DF805105163826F134486
:103AFC00826E02EB83039DF806205A6302B010BD60
:103B0C0008B5044803F0DEFFBDE80840024801F0A8
:103B1C003FB800BF23990008E415002008B50448FD
:103B2C0003F0D0FFBDE80840024801F01DB800BF0B
:103B3C002B990008E415002038B51C490446D0F830
:103B4C00180103F061FE20B919492046FFF781FDE9
:103B5C0038BD1849D4F8180103F056FE30B9164B8D
:103B6C00164A17492046FFF774FDF1E71549D4F8BA
:103B7C00180103F049FE18B9BDE8384003F02CB821
:103B8C001149D4F8180103F03FFE054640B9FFF780
:103B9C00B7FF2A460D490E48BDE8384000F0F2BD8B
:103BAC002046BDE83840FFF70DBE00BF3499000831
:103BBC00C598000839990008419900084C990008EB
:103BCC005B9900086299000866990008E69800085D
:103BDC00301C0020594E8FB5002506F198078DF842
:103BEC000D50302383F31188FCF7BCFD4FF0FF31EF
:103BFC003846FCF7E3FF48BBD6F8902050481346F4
:103C0C00526853F8084B0392834228BF3346143052
:103C1C00C6F89030FDF730F8FCF77AFFFCF7B2FDF0
:103C2C0085F311889DF80D30013B052BD7D801A2E7
:103C3C0052F823F05D3C0008EB3B0008EB3B00081E
:103C4C00FD3C0008053D0008373D00080024E5E771
:103C5C0040F2DE380DF10701204604F06BF9002824
:103C6C00BDD194F834349DF8079093B184F8345452
:103C7C00C4F83054FCF7A8FBB9F1080FD4F8303471
:103C8C00C4F838040ED1002BE4D0013BC4F8303416
:103C9C00E0E7D4F838A4FCF797FBA0EB0A0040450A
:103CAC00E4D8E7E7B9F10D0F02D0B9F10A0F16D13C
:103CBC00002BCFD0234404F22C4283F82C53D4F89D
:103CCC003C1404F54B7003F0C1FD0123C4F840040F
:103CDC0084F8343404F54A70FFF72EFFBAE7FE2B54
:103CEC009FBF5A1C1B19C4F8302483F82C93B1E7DE
:103CFC002046FFF747FE72E7124B01221A70124B57
:103D0C00D3F8800590F8B03A63B900F58053D3F836
:103D1C00B43A3BB900F50053D3F8B83A13B9FFF7EE
:103D2C00FDFE5CE700F0BEFC59E7084803F0CAFE54
:103D3C00044B1B78002B3FF452AFF0E788160020A1
:103D4C0018170020C4170020306C00206899000858
:103D5C002DE9F0410D460446061D42F2107740F263
:103D6C00E730002100234FF47A72E5FB0701FCF7E2
:103D7C00D3FA0546FCF76CFD636813B13046FDF7CA
:103D8C005DF9234629463046024ABDE8F041FDF76D
:103D9C003BB900BFE56A0008036AD0F88820D3F865
:103DAC000510914270B504460AD00268D3F8015050
:103DBC00D66845B9B047236AD3F80520C4F88820E3
:103DCC00093323622CE090F8882059798A4229D251
:103DDC00013284F8882094F8892099798A4224D277
:103DEC00013284F8892094F88A20D9798A421FD22A
:103DFC00013284F88A2094F88B201B7A9A421AD2CA
:103E0C00013284F88B202046D4F88810B047206A01
:103E1C00D4F88820D0F805309A420FD109302062AE
:103E2C00002042E0D7D9013AD3E7DCD9013AD8E7F0
:103E3C00E1D9013ADDE7E6D9013AE2E794F8885096
:103E4C0043798179D0F80120AB4294F8893017BFBF
:103E5C0004350025B2FBF5F50135994217BF191D44
:103E6C000021B2FBF1F10131A94294F88A3038BF3C
:103E7C002946C579007A9D4217BF04330023B2FB53
:103E8C00F3F30133994238BF194694F88B309842BA
:103E9C0017BF04330022B2FBF3F2013291422046E9
:103EAC0038BF1146FFF754FF012070BDF7B5BB4872
:103EBC00BB4C002103F018FBB8480022182103F07A
:103ECC00E3FAB84AB548136843F4E0631360012180
:103EDC0003F028FB0121B14803F014FB0223042258
:103EEC001821AE4803F028FBE368AC4843F080731C
:103EFC00E360E36843F48013E360D4F8883023F084
:103F0C00406343F00063C4F88830E36843F48033C3
:103F1C00E360D4F8883023F4400343F40003C4F87E
:103F2C00883000231A46194603F09CFA9B4803F08C
:103F3C003DFB10B9994803F04BFB9B4D97489B4EAA
:103F4C0003F0F0F9FCF734FAFCF7B0FE05F1A4002D
:103F5C001221C5E92455FCF7EDFD002105F198006F
:103F6C00FCF7E8FD9248934D04F034F802F01EFE85
:103F7C00914A9249126830600346914803F0A2FDC1
:103F8C00864803F015FA05F1300002F04DFFD5F824
:103F9C00841005F1300003F04FFA05F14C0002F0EB
:103FAC0043FFD5F8841005F14C0003F045FA05F1F8
:103FBC00680002F039FFD5F8841005F1680003F0B1
:103FCC003BFA002128460191FFF77DFD7D4A1368DD
:103FDC0095889179B3F1904F40F0AD80E26C42F04E
:103FEC000102E2646A001868D2B20324944020EA09
:103FFC00040018601F68012000FA02F217431F60CA
:10400C005F68A84027EA00075F605F68A9403943F2
:10401C005960D96821EA0401D960D968D9609968D6
:10402C0021EA0401996099680A439A609862B42065
:10403C00FCF722FF644802F0CDFA644800F0BCFEA5
:10404C006FF05F01614800F0A8FE604801F070F865
:10405C005E4801F082F85D48002100F0ABFD45F2AE
:10406C0022615A4800F0C8FD4FF4E170FCF704FFE0
:10407C000921564800F06FFE0021544800F08DFED7
:10408C00534800F0CFFAFFF73BFD524804F028FAF2
:10409C0002F0D2FD02F0FAFD02F0E4FD02F078F934
:1040AC00C0B230B143484C49FFF712FC4B48FCF707
:1040BC00E3FE484B93F83832002B00F0AF80484AAF
:1040CC004849494801AB04F0D1F938B90199642940
:1040DC0004D84A104548263A03F0F4FC00213B482A
:1040EC0000F05BFE6FF00901384800F034FE00224E
:1040FC003F49374800F046FB3E492E48FFF7E8FBA6
:10410C00302383F31188FCF72DFB3B4803F03CFB79
:10411C00FCF738FB002383F3118848F6A040FCF72A
:10412C00ABFE0A2335492348736026237372FFF7CD
:10413C00CFFBFFF74FFD324A934203D1E26C42F0C2
:10414C0002024EE72F4A934203D1E26C42F0040282
:10415C0047E72D4A934203D1E26C42F0080240E754
:10416C002A4A934203D1E26C42F0100239E7284A02
:10417C00934203D1E26C42F0200232E7254A93428B
:10418C0003D1E26C42F040022BE7234A93427FF4C6
:10419C0029AFE26C42F0800223E700BF908200203E
:1041AC00001002400020024088160020D815002084
:1041BC00EC17002038170020081000204C9900083C
:1041CC0071990008EC15002078820020E41500207D
:1041DC00301C002004860020F4150020005125021C
:1041EC00859900088C99000893990008A0990008FB
:1041FC00E698000858160020C817002073160020F7
:10420C000004004800080048000C0048001000485A
:10421C000014004800180048001C004802490348DC
:10422C00FFF756FB79E700BFF41500203817002084
:10423C0038B504460D46FCF70BFBD4F8AC30002B1C
:10424C0002DC4FF0020038BDFCF702FBD4F8AC30B6
:10425C002968013BC4F8AC30D4F8943003F108025F
:10426C00C4F8942019606968596004F190039A426B
:10427C0004F1980028BFC4F89440FCF7FDFC4FF003
:10428C000000E0E738B50446FCF7E2FA636833B1A6
:10429C00FCF7DEFA636813B1201DFCF7CFFE4FF07C
:1042AC00FF35236A1A78042AFDD8DFE802F0030AE6
:1042BC0014253100236820469B6898470128F0D1CB
:1042CC0038BDD3F80110093323620029E9D0204608
:1042DC00FFF73EFDF4E7D3F80130E26903EBC303CB
:1042EC001A4494F82D30226223B1124804F12801AB
:1042FC00FFF79EFF0121EAE794F82D3023B10D481A
:10430C0004F12801FFF794FF0023C4E90733D7E732
:10431C00626A013204BFD3F801206262626A1AB980
:10432C00093365622362BCE7E3692362013A626286
:10433C00B7E700BF881600207C4B2DE9F0476822B8
:10434C0000240126FF274FF003085A701C709E7042
:10435C00DC701C715F719F719A72DF711C725C72E0
:10436C00DE721C735C739C73DC731C745C74C3F81A
:10437C00134083F81280DC751C765C769C766C4B53
:10438C006C4D1C704FF004095A225C709C70DC70F0
:10439C001C715F719C71DC719A721A771C725E725F
:1043AC00DC721C735C739C73DC731C745C749C7487
:1043BC00DC741C755C759C75DC751C765C769C7667
:1043CC00DE765C779C77DC7783F8204083F821409D
:1043DC0083F8224083F8234083F8249083F82580C7
:1043EC0083F8264083F8274083F8284083F8294037
:1043FC0083F82A4083F82B4083F82C40C3F82E40D6
:10440C0083F82D8083F8324083F8334083F83440AE
:10441C0083F83540484B494A1C705C709C70DC70CA
:10442C001C715E719E71DC711C72C3F80A4083F8BA
:10443C0009809C73DC731C745C74414B002000215C
:10444C00C3E90001C3E924333E4B3F484FF4E1314B
:10445C00C2E900134FF0904A0923C2E902A30A23D0
:10446C00C2F810A0C2E90538384BC2F81C90C2E95A
:10447C000803022382F82830354BDA6003F110026E
:10448C00C3E98422334AC3F83C24334A1A601432F9
:10449C00C3F82823C3E90144C3E9874483F81862AD
:1044AC00C3F82442C3F82C44C3F83844C3F830444E
:1044BC0083F83444C3F840442022214605EB09001C
:1044CC0004F036FC254B264AEC62C5E90C32C5E9F2
:1044DC001A32C5E90E43C5E91273C5E91639C5E9A7
:1044EC001C93204B2B60204BC5F88840C5E9142643
:1044FC000F229A80C3F800A09C711C4B1C4AC3E984
:10450C0000441C4B4FF0FF31C5E90914C5E9108478
:10451C00C5E91847C5E91E64C5E920711A6049F65A
:10452C004042DA6105221A84BDE8F0875816002053
:10453C00F415002038170020731600202C160020CC
:10454C00881600200038014092000200A0100200E2
:10455C00EC170020B2990008E0BC000800040040F1
:10456C0000040048C0990008EC150020E415002058
:10457C00D4BC0008C81700204069704708B5FEF786
:10458C003FFF014620B1034803F09CFA002008BD10
:10459C000120FCE7E699000813B5002401AB019457
:1045AC00FEF706FE10B9019802B010BD2046FBE7DD
:1045BC0010B54FF4806200F50B700C4600F0A8FEAD
:1045CC0004F58054206010BD90F8B03A5BB900F54A
:1045DC008053D3F8B43A43B900F50050D0F8B83A48
:1045EC00003B18BF0123184670470123FBE700006E
:1045FC0013B5022304460093074A084B084900F5FB
:10460C000B7000F0FBFD04F500530022204683F8EC
:10461C00BC2A02B010BD00BF89450008A5450008A2
:10462C008545000813B50C4C122104F1A400C4E913
:10463C002444FCF77FFA04F198000021FCF77AFA85
:10464C00002300938022054B054840F69811FCF797
:10465C00C9FB02B010BD00BF607B0020AD4A000852
:10466C00C071002000F5A04310B4D3F8804500F5CC
:10467C002B52014684421CBF10460A46C3F88025C3
:10468C00C3F8840500F580530022C3F8B42A00F562
:10469C0000535DF8044BC3F8B82A114600F50B70B3
:1046AC0000F021BE4FF40772042100F50B7000F0EE
:1046BC001ABE38B504460D46FCF7CAF8D4F8AC302F
:1046CC00002B02DC4FF0020038BDFCF7C1F8D4F827
:1046DC00AC302968013BC4F8AC30D4F8943003F109
:1046EC000802C4F8942019606968596004F19003B9
:1046FC009A4204F1980028BFC4F89440FCF7BCFA25
:10470C004FF00000E0E7000013B500F5A044D4F82A
:10471C008035D4F8882503F6B4218A4204BF03F50A
:10472C00D551183101F58053C4F888151A68CAB9E7
:10473C00FFF798FFD4F8803503F6B42103F58053C6
:10474C00C4F88815D3F8B42A1AB10948520000F0FD
:10475C006FFA0223694607488DF80530FFF7A9FF69
:10476C0002B010BD0248520000F062FA0123F1E7DA
:10477C00E4150020607B00200148FFF7C5BF00BF97
:10478C00301C00200D4B13B50D485860A1B100240E
:10479C0000918DF804208DF80540302383F31188A7
:1047AC00FBF7E0FF69460748FFF783FFFCF7B0F91A
:1047BC00FBF7E8FF84F3118802B010BDE41500206C
:1047CC0085470008607B002038B504460D46302331
:1047DC0083F31188FBF7C6FFFCF73AF8D4F8AC303A
:1047EC00002B24DDFCF734F8D4F8AC302968013BFD
:1047FC00C4F8AC30D4F8943003F10802C4F8942017
:10480C0019606968596004F190039A4228BFC4F892
:10481C00944004F19800FCF72FFA0024FCF778F987
:10482C00FBF7B0FF002383F31188204638BD022428
:10483C00F4E70000F0B5064606F5A04489B0394807
:10484C000D46174603F03EF9D4F884150591084639
:10485C00FEF7C2FD0599284603F01EFE00284CD138
:10486C00D4F884154FF480533A1ECDE9010000931F
:10487C0018BF0122012301F50B7000F0F6FCD0B338
:10488C00D4F8840500F50053012283F8BC2A00F605
:10489C00B421FFF78DFED4F8840500F5D5511831FD
:1048AC00FFF786FED4F88005FFF78EFE054610BB99
:1048BC003046FFF7D7FED4F880351B4803F6B421F9
:1048CC0003F58053C4F88815D3F8B42A520000F0CD
:1048DC00AFF902238DF81D30302383F31188FBF7D9
:1048EC0041FF06A91148FFF7E4FEFCF711F9FBF7AD
:1048FC0049FF85F3118809B0F0BD29460C4803F037
:10490C00E1F800244FF4C06306A90A48CDE9064338
:10491C00FFF75AFF0848214609B0BDE8F040FCF704
:10492C00E4BA00BFF2990008E4150020607B002077
:10493C00FB99000888160020587B002073B500F501
:10494C00A0460446D6F88005CDE90021FFF73CFED1
:10495C00DDE9002105462046FFF76CFF35B1D6F89E
:10496C00800502B0BDE87040FFF79CBE02B070BD80
:10497C00454E8FB50546002706F198088DF8057051
:10498C00302383F31188FBF7EDFE4FF0FF314046E7
:10499C00FCF714F910BBD6F890203C48134652682B
:1049AC0053F8084B0192834228BF33461430C6F8A3
:1049BC009030FCF761F9FCF7ABF8FBF7E3FE87F3FB
:1049CC001188334B93F8383253B9029302A94FF440
:1049DC00C06330480393FFF7F7FECFE70024ECE702
:1049EC009DF80530012B0AD0022B43D0002BC5D1EA
:1049FC009DF8042021462846FFF7A0FFBEE705F5E9
:104A0C00A049D9F88005D9F8883500F6B424A3421A
:104A1C0004BF00F5D5541834214604F58054FFF733
:104A2C00C7FD2368002BA9D1D9F8843503F5805232
:104A3C00D2F8B42A2AB103F5005393F8BC3A002BF0
:104A4C009CD1DFF8589002E00A20FCF715FA484692
:104A5C0000F01AF904460028F6D102904FF4C06316
:104A6C0002A90C480393FFF7AFFE0B482146FCF755
:104A7C003CFA83E705F5A0430848D3F88035D3F812
:104A8C00741200F0B9F879E7607B0020F07B00200D
:104A9C000486002088160020587B0020E415002096
:104AAC0008B50148FFF764FF301C002038B5144CE2
:104ABC004FF42B520021204604F03AF904F52B5503
:104ACC002046FFF795FD4FF42B520021284604F0A9
:104ADC002FF92846FFF78CFD04F5A0430022C3F8FC
:104AEC008045C3F88455C3F88825C3F88C25054B3D
:104AFC0000200021C3E90001C3E9243338BD00BF05
:104B0C00301C0020607B002008B5302383F3118813
:104B1C00FBF74AFE044B5B6803B19847FBF756FE64
:104B2C00002383F3118808BDE415002007B5022388
:104B3C008DF804008DF8051001AA4A21024801F0F5
:104B4C0047FE03B05DF804FB78820020044B5A68E2
:104B5C0022F480325A605A68D203FCD4704700BFEA
:104B6C00005401407047000010B5FF21044602209C
:104B7C00FFF7DCFF054A1369126803F18043013B20
:104B8C0002EB830300225A63627010BD107C00207C
:104B9C0038B5074B1A691B6803EB820304460125E1
:104BAC001D63FE210220FFF7C1FF657038BD00BFF9
:104BBC00107C002008B50E4B1B685868026822F068
:104BCC000F020260187C1A680E2383405360FFF7B3
:104BDC00BDFF084B5A68D203FCD45A6829B922F499
:104BEC0080525A600A229A6008BD42F48052F8E75B
:104BFC002C7C00200054014045F2226399420FD0D6
:104C0C004AF6444399420DD04BF6803399420BD06F
:104C1C00064B994214BF522102210520FFF786BF93
:104C2C004621FAE72621F8E72221F6E70077010072
:104C3C00124B1868436870B51C68066824F00F04A2
:104C4C001C60047C0E25A5407560C568D960286879
:104C5C000F21A14020EA01000121A140014329605C
:104C6C00074919605A601A6842F001021A60054A35
:104C7C00536843F48033536070BD00BF2C7C00201C
:104C8C009215010000540140034B1B685B68586887
:104C9C00003818BF012070472C7C00201FB5012361
:104CAC00CDE900238DF80F100DF10F024A210348B6
:104CBC0001F0E0FD05B05DF804FB00BF7882002038
:104CCC0007B561F07F018DF804108DF805208DF883
:104CDC000620032301AA4A21024801F079FD03B002
:104CEC005DF804FB78820020202928BF20211029A0
:104CFC0038BF1021A1F11002D2B2520042F02002B2
:104D0C0002F0FE021021FFF7DBBFC9B28B1DDBB234
:104D1C00122B05D8490001F03E021221FFF7D0BF3B
:104D2C0007207047CAB202F16003DBB2782B02D8BD
:104D3C001621FFF7C5BF07207047C9B201F1330335
:104D4C00DBB23F2B05D8490001F0FE021A21FFF718
:104D5C00B7BF07207047C9B201F16603DBB2722BF3
:104D6C0005D8490001F0FE022021FFF7A9BF07205A
:104D7C007047CAB210B402F16004E4B2602C08D8D7
:104D8C00017052005DF8044B02F0FE022221FFF785
:104D9C0097BF07205DF8044B7047C9B201F160035F
:104DAC00DBB2602B05D8490001F0FE022421FFF78D
:104DBC0087BF072070470000F7B5444A1368B2F864
:104DCC0004C09179B3F1904F054647D14048C26C6D
:104DDC0042F00102C2644FEA4C021C68D2B20327B3
:104DEC0007FA02F024EA00041C601C68012606FA8B
:104DFC0002F214431C60D3F804E006FA0CF42EEA19
:104E0C00040EC3F804E0D3F804E001FA0CF141EA13
:104E1C000E015960D96821EA0001D960D968D960BE
:104E2C00996821EA0001996099680A439A60B42054
:104E3C009C61FCF721F84A21264801F097FC0DF102
:104E4C00070231462846FFF729FF0446002853D0B5
:104E5C000146214802F036FE03B0F0BD1F4A9342D2
:104E6C0004D11B48C26C42F00202B3E71C4A9342C5
:104E7C0004D11748C26C42F00402ABE7194A9342C2
:104E8C0004D11348C26C42F00802A3E7164A9342BD
:104E9C0004D10F48C26C42F010029BE7134A9342B4
:104EAC0004D10B48C26C42F0200293E7104A9342A3
:104EBC0004D10748C26C42F040028BE70D4A934282
:104ECC0089D10348C26C42F0800283E7307C002019
:104EDC0000100240788200200B9A00080004004861
:104EEC0000080048000C004800100048001400485E
:104EFC0000180048001C0048FE210220FFF716FE97
:104F0C006E7007213846FFF711FEFF210420FFF7D2
:104F1C000DFE52210520FFF709FE93210620FFF715
:104F2C0005FE39460720FFF701FE90210820FFF708
:104F3C00FDFD80210920FFF7F9FDAF210A20FFF7C5
:104F4C00F5FD21460C20FFF7F1FD60210D20FFF748
:104F5C00EDFD02210E20FFF7E9FD02210F20FFF7E6
:104F6C00E5FD28461021FFF7BFFE21462846FFF736
:104F7C00CCFE21462846FFF7D5FE80221821284674
:104F8C00FFF79EFE21462846FFF7D7FE214628460E
:104F9C00FFF7E1FE21462846FFF7EBFE21462846A7
:104FAC00FFF7FBFE21462620FFF7C0FD48212F20EE
:104FBC00FFF7BCFD554B564D4FF400121A641C64A0
:104FCC001A6C1A6E42F400121A66DA6C42F0020283
:104FDC00DA64504A116821F440211160116841F4DF
:104FEC0000211160516821F400715160D16821F4E5
:104FFC004021D160D168D160916821F44021916049
:10500C00916841F480219160516A21F0F001516264
:10501C00516A41F0D0015162D96C41F00201D9645E
:10502C00116821F440111160116841F400111160F4
:10503C00516821F480615160D16821F44011D16034
:10504C00D168D160916821F440119160916841F46C
:10505C0080119160516A21F470615162516A41F47E
:10506C0050615162DA6C42F00402DA642A4A136825
:10507C0023F0C0031360136843F08003136053687C
:10508C0023F008035360D36823F0C003D360D368C4
:10509C00D360936823F0C0039360936843F040039C
:1050AC009360136A23F470431362136A43F45043FE
:1050BC001362284601F0B8FE2A692B6803EB8203C1
:1050CC0009211E63FFF742FD144B8222C3F80044F2
:1050DC00C3F804240222C3F808241F22C3F80C24AA
:1050EC000F4AC3F81024C3F81444D3F8042442F430
:1050FC000032C3F8042407200A4A2346FBF734FA8B
:10510C00094B0A4A186043689A60A5E600100240F1
:10511C00107C0020000400480008004800500140AA
:10512C0000010300154B00082C7C0020205401408A
:10513C0007B500230DF1070204218DF80730FFF7A6
:10514C00ADFD9DF80710042041F0F0018DF807101B
:10515C00FFF7ECFC03B05DF804FB07B500230DF181
:10516C00070204218DF80730FFF798FD9DF8071012
:10517C0021F00F0141F00A0104208DF80710FFF710
:10518C00D5FC02210F20FFF7D1FC03B05DF804FB26
:10519C0007B5FBF72DFB0A4B9A6B120708D51A6C57
:1051AC00ADF804201B6CADF8063001A8FFF7DAFC53
:1051BC00FBF736FB03B05DF804EBFCF70FB800BF50
:1051CC0000540140094B0A4810B50022094C1C60E0
:1051DC0003219A719980084BC3E900040824C3E9A0
:1051EC000412C3E9024001229A6110BD307C0020F8
:1051FC000008004000040048107C002038B5049DD5
:10520C0004460120C4E90150207000254FF0805065
:10521C00C4E90305C4E90655A582256204F12400FE
:10522C0000F036F9C4F88058A4F88458204638BDEC
:10523C0010B5047894B190F884487CB1B1F5804FE6
:10524C0028BF4FF4804102614AB182898382534363
:10525C0083610023C361C3890384418410BDC0E909
:10526C00062282820184C181F7E72DE9F0410446D0
:10527C000078884618B900252846BDE8F08100263C
:10528C0004F12407A4F88468384600F067F9054651
:10529C000028F0D0616CC4F88088022903D9384604
:1052AC0000F0FDF8E7E762688A421AD0B2FBF1F32E
:1052BC0001FB1322002AF2D1A3604FF47A72A36C83
:1052CC00B3FBF2F3A3810023E381012384F8843838
:1052DC00079ABDF82030BDF818102046FFF7A8FF3C
:1052EC00CAE70123E8E738B513460278044642B111
:1052FC000A460021FFF79CFF05691DB1012380F8C8
:10530C00853838BD243000F0CAF8A4F88458F8E782
:10531C002DE9F0470578044688466DB190F884581D
:10532C0055B18368243000F0BCFA054638B9024602
:10533C0001462046FFF7D7FF2846BDE8F087DFF887
:10534C0008A1002747F6FF79E389B3F5805F05D103
:10535C002369F3B90137BD42F6D1EDE7626807FB6B
:10536C0002F308EB4301134408EB43028A42EFD0EB
:10537C0031F9023BE089434348BF03F6FF731B132B
:10538C005345B8BF53464B45A8BF4B4621F8023C8A
:10539C00ECE7D4E906329A420ED194F8853833B151
:1053AC00002211462046FFF79EFF3D46C4E7618C64
:1053BC001A462046FFF73CFFE3692269218C668C74
:1053CC000133013AE361761A052AC3D8DFE802F00B
:1053DC0003030E1E2828A289B3FBF2F39BB2A28A08
:1053EC00734393FBF2F31944E181B3E7A18AA089DB
:1053FC00B3FBF0F0081A80B200F028F87043238C4D
:10540C0048BF484403EBE033E381A3E7A089A18ABA
:10541C00B3FBF0F080B200F019F8C0F50040EDE7F6
:10542C00A289B3FBF2F04000A18A80B200F00EF822
:10543C00C0F50040464348BF06F57F46238C48BF65
:10544C00FF3603EB2643DFE70080FFFF0003B0FBD2
:10545C00F1F0C0F30D00B0F5805F0C4B02D833F9BE
:10546C0010007047B0F5005F06D8C0F5005033F857
:10547C001000404200B27047B0F5405F02D8A0F572
:10548C000050F4E7C0F58040E9E700BF249A00081B
:10549C0030B50025C0E903120570436130BD00230F
:1054AC0003707047D0E902031847036980681847F6
:1054BC0043698068184708B50222FFF7F9FF0128F5
:1054CC0094BF0020012008BD08B50422FFF7F0FFAF
:1054DC00032894BF0020012008BD10B51446FFF727
:1054EC00E7FFA04234BF0020012010BD816C436B4C
:1054FC004FF40062B2FBF3F28A4228BF0A4610B5A1
:10550C005A4300F14C010446FFF7D2FF636BB0FB2A
:10551C00F3F0C4F84C0810BDF8B50446C36B4364F3
:10552C00002600F14C0786640D46102231463846A1
:10553C0003F0FEFBC4F85078C4F85478C4F84C68F7
:10554C005DB1204600F026F938B194F8583823B9EB
:10555C002046BDE8F840FFF7C9BFF8BD2DE9F0477C
:10556C000446864D0020C4E9012188B01F462070F6
:10557C0001462046FFF799FF20B90026304608B0B7
:10558C00BDE8F087042202A92046FFF7A6FF0028F9
:10559C00F3D003A92046FFF797FF0028EDD0042293
:1055AC00294602A803F0B4FB40B12046FFF77AFF6E
:1055BC00039BC118CB07DCD50131DAE7039BA36150
:1055CC00042204A92046FFF788FF0028D5D06C4997
:1055DC00042204A803F09CFB0028CED1DFF8A481A0
:1055EC00042202A92046FFF778FF0028C5D003A9A2
:1055FC002046FFF769FF0028BFD02046FFF752FF77
:10560C00039BC518EE074FF00402414602A848BFA1
:10561C00013503F07DFB064630B129462046FFF7E5
:10562C0044FF0028DCD1A8E70DF102012046FFF76A
:10563C0042FF0028A1D0BDF80230012B9DD1E361BF
:10564C0001A92046FFF737FF002896D0BDF804309B
:10565C00022B92D8236205A92046FFF735FF0028BC
:10566C008BD0059B636206A92046FFF72DFF00280F
:10567C0083D0069BA3620DF106012046FFF71BFFAA
:10568C0000283FF47AAFBDF80630E362E369012BE2
:10569C0049D107A92046FFF70EFF00283FF46DAF54
:1056AC00BDF81C302363E36A6363102B3FF665AFD0
:1056BC00226AB3FBF2F3A363DFF8CC90DFF8CCA043
:1056CC00DFF8CC8029462046FFF7EFFE00283FF498
:1056DC0054AF042202A92046FFF7FFFE00283FF436
:1056EC004CAF03A92046FFF7EFFE064600283FF417
:1056FC0044AF0422494602A803F00AFBB8B9E807F4
:10570C0048BF0135E5632046FFF7CCFE039B1844E8
:10571C00C30748BF0130012320642370394620465B
:10572C00FFF7FAFE2AE7C4E90C66A663C4E7204635
:10573C00FFF7B8FE039BC518E9074FF0040251466A
:10574C0002A848BF013503F0E3FA0028BAD10422BD
:10575C0007A92046FFF7C1FE00283FF40EAF042234
:10576C00414607A803F0D4FA0028ABD12046FFF736
:10577C0099FEC20748BF0130E063C4E726BA0008AF
:10578C002BBA000830BA000835BA00083ABA00083B
:10579C003FBA000830B5816C85B0044600294BD166
:1057AC00D0E910329A4204D14368012B1CD1FFF787
:1057BC00B3FE616C2046FFF778FEA8B104220DEB16
:1057CC0002012046FFF789FE054668B104221B49F9
:1057DC000DEB020003F09CFA40B1042218490DEBCA
:1057EC00020003F095FA10B100251AE0054684F882
:1057FC00585802A92046FFF767FE05460028F3D04B
:10580C0094F8583883B9626B029BB3FBF2F3A36430
:10581C002046FFF747FE029B0344DA0748BF0133DB
:10582C006364284605B030BD03A92046FFF74CFE43
:10583C000028D9D0039BEAE70125F2E735BA000826
:10584C0044BA000838B504460D46FFF7A3FF08B963
:10585C00002038BD94F858380BBBD4F84C3843B9F9
:10586C002046FFF743FE0028F2D004F14C03C4F8A5
:10587C005438D4F84C38D4F85428616BC4F85028F8
:10588C009D42284628BF184601FB00221B1AC4F86B
:10589C005428C4F84C38A36C1B1AA364D9E7012014
:1058AC00F9E72DE9F04F067885B005460C460092D5
:1058BC0098462EB14FEA43090026009B9E4203D323
:1058CC00304605B0BDE8F08FEB69012BF8D1009B99
:1058DC002846991BFFF7B6FF07460028F0D0AB6BA4
:1058EC002A6AD5F85018012B20D102FB09FBA646D9
:1058FC004FF0000A8B18F446019308E011F8013BB5
:10590C00803B1B021BB2002040450BD1CC44019BB9
:10591C009942F3D10AF1010ABA45DE44EAD107FBF8
:10592C000B4410E02CF810300130EDE7022B0CD1B9
:10593C00B8F1010F09D142434FEA420A20465246C0
:10594C0003F036FA54443E44B7E7023B19444FF097
:10595C00000B4FF0000A10E002220DF10E00019135
:10596C0003F026FAAB6B0199BDF90E201944002304
:10597C0043450AD14C440AF1010A2B6A5345EBD832
:10598C000BF1010BBB45E4D1DDE724F81320013307
:10599C00EEE7816A09B1836A18472430FBF794BAA1
:1059AC00B0F1904F05D11F4AD36C43F00103D3647F
:1059BC0070471D4B984204D11A4AD36C43F0020332
:1059CC00F5E71A4B984204D1164AD36C43F0040302
:1059DC00EDE7174B984204D1124AD36C43F00803FD
:1059EC00E5E7144B984204D10E4AD36C43F01003F4
:1059FC00DDE7114B984204D10A4AD36C43F02003E3
:105A0C00D5E70E4B984204D1064AD36C43F04003C1
:105A1C00CDE70B4B9842CBD1024AD36C43F08003B9
:105A2C00C5E700BF00100240000400480008004811
:105A3C00000C0048001000480014004800180048F2
:105A4C00001C0048F8B504461546FFF7A9FF23686B
:105A5C0048000322824023EA0203236026680223C3
:105A6C008340334323606668012303FA01F726EA77
:105A7C0007066660E66826EA0206E660E668E66007
:105A8C00A66826EA0202A260A26883401343072993
:105A9C00A3608ABFA1F108038B009B0007298CBF70
:105AAC000422002214440F21226A994022EA0102A6
:105ABC002262226A9D4015432562F8BD0368197362
:105ACC0003689A68D207FCD5187B7047428A8168B4
:105ADC0001239340034A0869184002D0013AFAD1D5
:105AEC0001207047B8820100C18AC26801238B4033
:105AFC00936170470148FFF74CBF00BF387C002012
:105B0C007F2908B2C4BFA1F5807108B200EBD07038
:105B1C0040104A3840B27047C38A2DE9F04116460E
:105B2C004FF00108C26808FA03F3936205460F466A
:105B3C00FFF7CCFFC4B22CB12846FFF7D5FF404687
:105B4C00BDE8F08105F1040847F080014046FFF7FD
:105B5C00B5FF00F0700085F8200021464046FFF7A5
:105B6C00ADFF30702846FFF7BFFF2046E8E7F7B5DA
:105B7C00C38A019116460127C26807FA03F39362A0
:105B8C000546FFF7A3FFC4B201992CB12846FFF7D5
:105B9C00ABFF384603B0F0BD2F1D3846FFF78EFF24
:105BAC0031463846FFF78AFF2846FFF79DFF20460F
:105BBC00F0E773B5C38AC2680191012606FA03F3B4
:105BCC0093620446FFF782FFC5B201992DB12046BE
:105BDC00FFF78AFF304602B070BD201DFFF76EFF45
:105BEC00064684F8200006F070062046FFF77CFF7E
:105BFC0084F820602846EEE72DE9F0414268B34B6B
:105C0C009A4286B0044600F0BA80A3F578439A42D3
:105C1C000CBF05220622E18AE0680292FFF7C0FE63
:105C2C004B000768029A03920326DBB206FA03F5CF
:105C3C0027EA05070760D0F800C0012707FA03F32D
:105C4C0043EA0C0CC0F800C0D0F804C007FA01F10C
:105C5C002CEA0101416041684160C16821EA0501FB
:105C6C00C160C168C160816821EA050181608168F9
:105C7C000B438360218AA0680290FFF7E3FE039A2E
:105C8C00618A0298FFF7DEFE039AA18A0298FFF759
:105C9C00D9FE217FA069A58B94F81E80FFF780FEAA
:105CAC0001FA07F20368D2B206FA02FC23EA0C03EB
:105CBC000360C36823EA0C03C360D0F80CC008FA75
:105CCC0002F343EA0C03C360814B1A6E3A431A6623
:105CDC00D3F8802022F00102C3F88020D3F8803062
:105CEC0005F47F7303F1804303F5803301EA060268
:105CFC00D3F808C092000F2191402CEA0101996061
:105D0C00744988423DD1996897400F439F60724B0C
:105D1C000127196807FA05F529431960596821EA22
:105D2C0005015960996821EA05019960D9682943F0
:105D3C00D96020465D61FFF7D7FE684A0023CDE9A4
:105D4C00002319461A46201D01F050FC62681368A6
:105D5C0043F04003136030212046FFF72AFFC0B206
:105D6C00002838D062685E48136823F04003136043
:105D7C0001F0A8FE3D46284606B0BDE8F08105229C
:105D8C0049E75849884206D19868022101FA02F283
:105D9C0002439A60BBE75449884204D19968964003
:105DAC000E439E60B3E75149884202D198680421A2
:105DBC00ECE74F49884202D198680521E6E74D4946
:105DCC00884202D198680621E0E74B4988429ED16F
:105DDC0098680721DAE7072206212046FFF7C7FE5D
:105DEC00C3B20BB14548C3E78DF817000DF117028C
:105DFC0006212046FFF790FEC5B245B99DF8176005
:105E0C00072E06D03E48314601F05CFEB2E73D4815
:105E1C00AEE73A212046FFF7CCFE20220D2120468A
:105E2C00FFF7A5FE25220E212046FFF7A0FEED224E
:105E3C000F212046FFF79BFEA02213212046FFF7DF
:105E4C0096FEE62214212046FFF791FE0822182127
:105E5C002046FFF78CFE324603212046FFF787FED3
:105E6C003F2229462046FFF782FE062202212046C9
:105E7C00FFF77DFE0C2231462046FFF778FE4422C8
:105E8C0008212046FFF773FE50223E212046FFF7E3
:105E9C006EFE324616212046FFF769FE302217218E
:105EAC002046FFF764FEA08B09280AD804280AD8DC
:105EBC00063080B20721FAF7B6FA134801F002FE59
:105ECC0059E72820F6E71720F4E700BF003001401F
:105EDC00001002400004004800040140A02E6300A2
:105EEC0049BA000800080048000C0048001000489F
:105EFC000014004800180048001C004856BA00085E
:105F0C0061BA000876BA000881BA000813B50A46CF
:105F1C00044694F8203033B90A21204602B0BDE87B
:105F2C001040FFF724BE362120460192FFF741FEB8
:105F3C00019AEEE7F8B505460E4695F820405CB997
:105F4C00771C17F8142016F8141028460134FFF7A4
:105F5C000EFE142CF5D1F8BD36212846FFF729FE8C
:105F6C00EBE7F8B5C38A17460126C26806FA03F3B5
:105F7C00936204460D46FFF7A9FDC0B220B120463E
:105F8C00FFF7B2FD3046F8BD261D7F213046FFF7E6
:105F9C0095FD2F44BD4205D12046FFF7A5FD4FF0DE
:105FAC000000F0E715F8011B3046FFF787FDF1E71D
:105FBC0073B50D46352104460192FFF7FAFD3023E7
:105FCC0083F311880026FAF7CDFB019AA6622946C5
:105FDC002046FFF7C6FF04F12400FAF759FFFAF741
:105FEC00D1FB86F3118802B070BD2DE9F7430E4644
:105FFC00904678210DF1070204461F46FFF78CFDF1
:10600C00C0B290B99DF90730002B0EDAE38AE26832
:10601C004FF0010909FA03F393622046FFF756FD8E
:10602C00C5B225B12046FFF75FFD01251EE004F146
:10603C000409FF214846FFF741FD3744BE424FF0AB
:10604C000001484616D1FFF739FD002106464846A7
:10605C00FFF734FD2046FFF747FDB8F1000F05D0E0
:10606C0031462046FFF74CFD88F80000284603B067
:10607C00BDE8F083FFF722FD06F8010B8DF8070051
:10608C00DCE773B50E4615463A21069A0193044691
:10609C000092FFF78EFD302181F31188FAF762FB35
:1060AC0034212046FFF785FD314604F12400FAF730
:1060BC00FDFE0646FAF766FB002181F311880136D6
:1060CC00DDE9002306D02946204602B0BDE8704029
:1060DC00FFF78BBF36212046FFF76BFD4FF0020018
:1060EC0002B070BD38B5112804468CBF3921362159
:1060FC000948FFF75EFD42F2107540F2E7300021CF
:10610C000023E4FB05014FF47A72FAF705F9BDE8B8
:10611C003840FAF7B1BE00BF387C002010B50446F9
:10612C0036212046FFF745FDC0B210B14FF00100FB
:10613C0010BD94F82030002BF2D133212046FFF70C
:10614C0038FDC0B20028F1D13D212046FFF731FDCA
:10615C0094F820000028F7D1EAE700002DE9F74376
:10616C0042F2107540F2E7340021E0FB05414FF498
:10617C007A7200232046FAF7CFF80446FAF724F98E
:10618C001E4EDFF87C8005461D48FFF7C7FFF71D44
:10619C0021461A4A009708234046FFF772FFC0B207
:1061AC00F0B9184BD6F800C01868034653F8042B06
:1061BC00D10001F1040E86449E4509D84318342AB7
:1061CC00C3F804C0716899609CBF0132026007E09B
:1061DC00D3F80090E1450BD1C3F800C072685A6047
:1061EC00FAF7F2F8431B9C4204D96119091AD0E75B
:1061FC000833E1E703B0BDE8F08300BFD07F002097
:10620C00387C00200C10002083B5554D554FFDF700
:10621C00BDFA286000287CD1C620FFF79FFF2B68B1
:10622C00002B00F09780DFF86481DFF8449104269E
:10623C00D8F8003043F2390407FB0344C8F8004097
:10624C00632324F00044B4FBF3F203FB124414B1B7
:10625C006000FFF747FF4846FFF760FF29680822F8
:10626C004846FFF7A5FE622C04D0C4F16200400042
:10627C00FFF738FF013EDBD13B4B5A7A3B4B197889
:10628C00914204D03A481A703E21FFF770FC394A0B
:10629C0013680133032B1360B9D900241460302325
:1062AC0083F31188FAF75EFA334A344916680423EB
:1062BC008DF80530324B8E4218BF0B4613601C60B4
:1062CC00304CFAF7C5FAD4F8AC30002B1BDDFAF7DA
:1062DC00BFFAD4F8AC3001992B48013BC4F8AC3070
:1062EC00D4F8943003F10802C4F894201E6059606D
:1062FC0004F190039A4234BFD4F894302346C4F886
:10630C009430FAF7B9FCFAF73DFA002383F31188BD
:10631C007DE71E4B1A6843F2390407FB02441C60EC
:10632C0024F000446323B4FBF3F203FB124414B1D6
:10633C006000FFF713FF0E48FFF7F0FE29680C48CA
:10634C000822FFF735FE622C3FF469AFC4F16200FE
:10635C00400062E74FF44670FFF7C4FE8CE700BFC5
:10636C00D87F00206D4EC641D8150020DC7F002060
:10637C00387C0020647C00200C100020687C0020FD
:10638C001C7E0020881600202017002010100020F2
:10639C0013B51248FFF730FCC4B2ECB90822062141
:1063AC000E48FFF7E4FB0D482146FFF7AFFD0C4B01
:1063BC000A485A7A3E21FFF7DAFB0A490748FFF7E9
:1063CC00B9FD094B09480094FF224FF42671FAF7E6
:1063DC0009FD204602B010BD0124FAE7387C0020EC
:1063EC00D81500209CBA000815620008E07F002038
:1063FC00154B164A1649174810B51A604FF09042C3
:10640C00C3E901121449DA609A610322C3E9040159
:10641C009A831248124A1349D1600024214640F84D
:10642C00044B9C7783F820405C629C624FF4D872DA
:10643C0002F07EFC0C484FF4D87240F8044B214615
:10644C0002F076FC10BD00BF387C002098BA000822
:10645C00003001400500060007000400687C0020A5
:10646C009C820020015B00081C7E0020B0F1904F44
:10647C0005D11F4AD36C43F00103D36470471D4B05
:10648C00984204D11A4AD36C43F00203F5E71A4B35
:10649C00984204D1164AD36C43F00403EDE7174B32
:1064AC00984204D1124AD36C43F00803E5E7144B2D
:1064BC00984204D10E4AD36C43F01003DDE7114B24
:1064CC00984204D10A4AD36C43F02003D5E70E4B13
:1064DC00984204D1064AD36C43F04003CDE70B4BF2
:1064EC009842CBD1024AD36C43F08003C5E700BF7E
:1064FC00001002400004004800080048000C00484E
:10650C00001000480014004800180048001C004807
:10651C00F8B504461546FFF7A9FF23684800032287
:10652C00824023EA0203236026680223834033431C
:10653C0023606768012303FA01F63E436660E66850
:10654C0026EA0206E660E668E660A66826EA02022B
:10655C00A260A268834013430729A3608ABFA1F1FC
:10656C0008038B009B0007298CBF042200221444D3
:10657C000F21226A994022EA01022262226A9D407E
:10658C0015432562F8BD000010B50E4C0E4AA04212
:10659C00D2F8883006D123F4405343EA0133C2F8D1
:1065AC00883010BD094CA04204D123F4404343EA87
:1065BC008133F4E7064CA04204BF23F4403343EA92
:1065CC000143ECE70054004000100240005800402A
:1065DC00005C004073B506680546327B70683189F3
:1065EC0001920090FFF794FF019A71890098FFF7D0
:1065FC008FFF3468414B9C4223D103F5DE339A6BF9
:10660C0042F400129A639A6B22F400129A639A6B0A
:10661C009A6D42F400129A659A6F22F400129A67EE
:10662C009B6F367E0023022E236036D1344800F057
:10663C00ABFF31462046FFF7A7FF32480121013955
:10664C0037E0314B9C4212D103F5DC339A6B42F4A8
:10665C0080029A639A6B22F480029A639A6B9A6D09
:10666C0042F480029A659A6F22F48002D7E7274B96
:10667C009C42D6D103F5DA339A6B42F400029A634A
:10668C009A6B22F400029A639A6B9A6D42F40002A0
:10669C009A659A6F22F40002C1E73EBB2046314650
:1066AC00FFF772FF164B5868164BB0FBF3F198428C
:1066BC00C5D2174BB0FBF3F35A1E032A88BF5A1FDF
:1066CC00130243EA0173134343F480132361002341
:1066DC0023602B6809211869F9F7A5FE2B68586906
:1066EC00092102B0BDE87040F9F79DBE204601219A
:1066FC00FFF74AFF024800F0D1FDD5E700540040F7
:10670C00908200200024F40000580040005C0040FF
:10671C0000350C0003681A68136823F0010313603A
:10672C0000BF00BF00BF00BF00BF00BF00BF00BF65
:10673C0000BF03681A68136843F0010313607047C5
:10674C0038B505460524013C14F0FF0401D10220A4
:10675C0038BD2B681B689B6913F4004303D00A20D7
:10676C00FAF78AFBEFE71846F2E70000F8B5FFF7F7
:10677C00D1FF036807461E680D46FFF7E1FF04468C
:10678C0028B1114801F09EF903242046F8BD6D0094
:10679C00384645F00075FFF7BDFF7560736843F42C
:1067AC000053736042F21073B269920605D5B36957
:1067BC0013F0100F18BF1124E7E7013BF4D1034885
:1067CC0001F080F90224E0E7C4BA0008CFBA00084F
:1067DC002DE9F8430546894690461E46002B44D0C9
:1067EC00002A42D003681C68FFF7AAFF074628B1AD
:1067FC001F4801F067F90320BDE8F88328463604EA
:10680C00FFF788FF46EA490604232B7266603023A3
:10681C0083F31188F9F7A6FF2368C5F80C8043F0C1
:10682C0002032360236843F0D0032360636843F4BE
:10683C000053636042F20671281DFAF737FB0646D7
:10684C00F9F7A0FF87F311882368013623F0D003F2
:10685C00236005D1636843F4804363600220CBE777
:10686C00287A431F58425841C6E70520C4E700BFA9
:10687C00D8BA00082DE9F0470546DDE908988A46A4
:10688C0017461E46002B4DD0002A4BD003681C68BF
:10689C00FFF756FF28B1244801F014F90320BDE896
:1068AC00F0873604284646EA4A06FFF733FF66604F
:1068BC00EF60B8F1000F2ED0B9F1000F2BD0C5E965
:1068CC00049801232B72236843F0060323603023C2
:1068DC0083F31188F9F746FF236843F0D003236054
:1068EC00636843F40053636042F20671281DFAF7A3
:1068FC00DDFA0646F9F746FF002383F31188236877
:10690C00013623F0D003236007D1636843F480433E
:10691C0063600220C3E70423D4E7287A431F58425C
:10692C005841BCE70520BAE7E3BA000810B530239C
:10693C00044683F31188F9F737FF0021201DFAF77D
:10694C00C3FAF9F743FF002383F3118810BD00004D
:10695C0038B50368CA061D68044614D569682B4807
:10696C00C1F3470101F0CCF86B6843F480436B60D2
:10697C002B6823F046032B60052323722046BDE8C9
:10698C003840FFF7D3BF8B0704D5C3685A1CC260CD
:10699C001B78AB62480704D523696A6A581C2061CE
:1069AC001A700A060FD5237A022B0CD16B68626918
:1069BC0023F0FF7323F4803343EA02436B602369B3
:1069CC00E360042323724B0613D5237A012B11D1D8
:1069DC006B68626923F47F0323F4806343EA024308
:1069EC0043F480636B606B6843F400536B60032368
:1069FC00237238BD002323726B6843F480436B60B1
:106A0C002B6823F040032B60B8E700BFEFBA0008F7
:106A1C00C1F300238A0548BF43F0020310B50446B6
:106A2C00480548BF43F00803CA040AD543F02003C5
:106A3C000548194601F064F82046BDE81040FFF700
:106A4C0075BF002BF4D110BDFFBA000838B5084D46
:106A5C00AC69F9F7CDFE04F0FE03EB612146054865
:106A6C00FFF776FFF9F7DCFEBDE83840FAF7B6BB66
:106A7C00005400407882002038B5084DAC69F9F715
:106A8C00B7FE04F47C53EB6121460548FFF7C0FFC9
:106A9C00F9F7C6FEBDE83840FAF7A0BB0054004039
:106AAC0078820020044B054A1A600022C3E90322B5
:106ABC005A601A725A617047788200200CBB000829
:106ACC00302383F31188F9F76FBE08B5F9F77EFE12
:106ADC00002383F3118808BD10B50C46FFF7F0FFB7
:106AEC00236820461B689847BDE81040FFF7EDBFB0
:106AFC00302383F31188F9F735BE08B5F9F742FE58
:106B0C00002383F3118808BDF0B56FF0030321F067
:106B1C0003048E080519204FDFF880C0DFF888E0E9
:106B2C0003FB06440444A54209D101F00303022BE4
:106B3C002FD0032B12D0012B1FD1002413E054F8BB
:106B4C00043B7B434FEA73430CFB03F353404FEA84
:106B5C00F34303EB830303EB0E02E4E7AC7824046A
:106B6C006B7844EA032410F826300B486340434307
:106B7C000A484FEA734343435A4051400848094B73
:106B8C0081EA1142504380EA5030584380EA104069
:106B9C00F0BD0024E4E700BF512D9ECC9335871B3C
:106BAC006BCAEB8535AEB2C2646B54E61FB5094BAC
:106BBC00D3F890250192D3F894250292D3F8983506
:106BCC00039340F2D2420C2101A8FFF79DFF05B0C0
:106BDC005DF804FB0070FF1F00B58FB004A802F035
:106BEC0001F80D9B03930C9B02930B9B0193089B49
:106BFC000093DDE90412079B024800F063FF0FB01D
:106C0C005DF804FB28BB0008094908B50A68C31CD9
:106C1C0023F0030307481344834207D902F0C0F85A
:106C2C000C2303604FF0FF32104608BD0B60FBE7EE
:106C3C001410002000800120084BDA6C42F48022F2
:106C4C00DA64DA6E22F48022DA66DB6E044B0422FC
:106C5C001A605A68D207FCD5704700BF001002407A
:106C6C0000080650084B00221A6003F17043A3F58C
:106C7C007E33DA6C22F48022DA64DA6E22F480221B
:106C8C00DA66DB6E704700BF00080650024B5A688C
:106C9C00D207FCD59B687047000806500368554A1C
:106CAC0093420DD1544B1A6E42F400621A66D3F81B
:106CBC00802022F40062C3F88020D3F88030704723
:106CCC00B3F1804F0BD103F504339A6D42F00102FE
:106CDC009A659A6F22F001029A679B6F7047474A38
:106CEC00934208D1444B9A6D42F002029A659A6F16
:106CFC0022F00202F0E7424A934208D13E4B9A6DD1
:106D0C0042F004029A659A6F22F00402E4E73D4ACD
:106D1C00934208D1384B9A6D42F008029A659A6FEB
:106D2C0022F00802D8E7384A934208D1324B9A6DC8
:106D3C0042F010029A659A6F22F01002CCE7334AA7
:106D4C00934208D12C4B9A6D42F020029A659A6FAF
:106D5C0022F02002C0E72E4A934209D1264B1A6E2C
:106D6C0042F400521A66D3F8802022F40052A2E7B3
:106D7C00284A934209D1204B1A6E42F480321A668B
:106D8C00D3F8802022F4803295E7234A934209D12C
:106D9C00194B1A6E42F400321A66D3F8802022F492
:106DAC00003288E71D4A934209D1134B1A6E42F404
:106DBC0080221A66D3F8802022F480227BE7184ABE
:106DCC00934208D10C4B9A6D42F000429A659A6F2F
:106DDC0022F0004280E7134A934209D1064BDA6D48
:106DEC0042F02002DA65DA6F22F02002DA67DB6FFC
:106DFC00704700BF002C014000100240000400400E
:106E0C0000080040000C004000100040001400403E
:106E1C000034014000400140004401400048014062
:106E2C00007C004000940040F8B5FFF737FF036882
:106E3C008C4A9342014604D002F5C052934240F072
:106E4C0091801A6942F001021A610A7C002A40F012
:106E5C008580DA6842F40012DA604A699A611A692C
:106E6C0042F004021A61804A934200F0B780B3F1F9
:106E7C00804F00F0B380A2F53042934200F0AE8018
:106E8C00A2F5F042934200F0AB8002F5806293428F
:106E9C0000F0A68002F58062934200F0A18002F51A
:106EAC009432934200F09E8002F54062934200F0CF
:106EBC009B8002F58062934200F0968002F580621E
:106ECC00934200F09180A2F53442934214BF012307
:106EDC000E234A6808894E7DB2F1904F40F08680AF
:106EEC00624CE16C41F00101E1641768450003213B
:106EFC00A940CC4327EA0101116017680221A9407F
:106F0C003943116001218140002E40F0A880566861
:106F1C0026EA01015160D1682140D160D168D1606D
:106F2C0091680C40946094680121A9402143072882
:106F3C0091608ABFA0F108018100890007288CBFED
:106F4C000420002002440F24106A8C4020EA040024
:106F5C001062106A8B4003431362F8BDDA6822F4A6
:106F6C00001279E74FF440425A641A6842F08002EA
:106F7C001A608269DA62027D0069012A00F1FF3031
:106F8C000CBF0722062203280BD8DFE800F0020F03
:106F9C00171F986940EA02129A611A6A42F00102BC
:106FAC001A621A6842F001021A605CE7986940EABA
:106FBC0002329A611A6A42F01002F1E7D86940EA8B
:106FCC000212DA611A6A42F48072E9E7D86940EA7F
:106FDC000232DA611A6A42F48052E1E7012378E75F
:106FEC00022376E7032374E70E2372E720498A42D3
:106FFC0004D11E4CE16C41F0020175E71D498A4237
:10700C0004D11A4CE16C41F004016DE71A498A4233
:10701C0004D1164CE16C41F0080165E717498A422E
:10702C0004D1124CE16C41F010015DE714498A4225
:10703C0004D10E4CE16C41F0200155E711498A4214
:10704C0004D10A4CE16C41F040014DE70E498A42F3
:10705C007FF44BAF054CE16C41F0800144E756687E
:10706C00314357E7007C0040002C014000100240E7
:10707C000004004800080048000C004800100048BC
:10708C000014004800180048001C0048074A936888
:10709C0023F080039360013810F8013F03B9704767
:1070AC00D1690906FCD59BB21385F5E70038014080
:1070BC0008B50248FFF7EAFF01BEFEE7FCBB00087B
:1070CC0008B5F9F795FBFFF7FBFC0A4B1B685BB1A6
:1070DC009847094B01225A61FFF7F7FCF9F7A0FB1F
:1070EC00BDE80840FAF77AB80449054800F018FDE5
:1070FC00EFE700BF9C8200200004014008BC0008A0
:10710C0011BC000808B5F9F773FBFFF7D9FC0A4B63
:10711C005B685BB19847094B02225A61FFF7D5FCBB
:10712C00F9F77EFBBDE80840FAF758B80449054862
:10713C0000F0F6FCEFE700BF9C8200200004014049
:10714C001FBC000811BC000808B5F9F751FBFFF78C
:10715C00B7FC0A4B9B685BB19847094B04225A61F8
:10716C00FFF7B3FCF9F75CFBBDE80840FAF736B85B
:10717C000449054800F0D4FCEFE700BF9C820020D6
:10718C000004014028BC000811BC000808B5F9F740
:10719C002FFBFFF795FC0A4BDB685BB19847094B5B
:1071AC0008225A61FFF791FCF9F73AFBBDE8084059
:1071BC00FAF714B80449054800F0B2FCEFE700BF39
:1071CC009C8200200004014031BC000811BC000866
:1071DC0008B5F9F70DFBFFF773FC0A4B1B695BB1A4
:1071EC009847094B10225A61FFF76FFCF9F718FB0F
:1071FC00BDE80840F9F7F2BF0449054800F090FCDF
:10720C00EFE700BF9C820020000401403ABC00085C
:10721C0011BC000808B5F9F7EBFAFFF751FC0A4B63
:10722C001B6863B19847094B4FF478725A61FFF7AA
:10723C004CFCF9F7F5FABDE80840F9F7CFBF044963
:10724C00044800F06DFCEEE7B4820020000401401D
:10725C0043BC000811BC000808B5F9F7C9FAFFF7E0
:10726C002FFC0A4B1B6863B19847094B4FF47C42C7
:10727C005A61FFF72AFCF9F7D3FABDE80840F9F791
:10728C00ADBF0449044800F04BFCEEE7B08200208F
:10729C00000401404CBC000811BC00081D4A1E49EA
:1072AC0013681B0755BFD2F894301368C3F303233C
:1072BC00C3F3031351F823009368C3F38103022B28
:1072CC0026D0032B04D0154A012B08BF104670475B
:1072DC00D168D36801F00301C3F30213022903F14F
:1072EC00010304D0032911D0B0FBF3F302E00B49E6
:1072FC00B1FBF3F3D068D268C0F306205843C2F355
:10730C00416301335B00B0FBF3F070470449EFE7D6
:10731C0003487047001002409CBC00080024F40095
:10732C00001BB70070B51D4D1D4AAB68C3F30313AA
:10733C000446D65CFFF7B2FF20FA06F32360A96877
:10734C00AA681848C1F30221C2F3C222415C825CD4
:10735C0023FA01F1D3406160A360FFF7C9FB124B24
:10736C005A6842F21073B2FBF3F2104B196821F019
:10737C000101196000211961013A5C6AD868D96071
:10738C009A6201225C621961D8605A611A6842F0F3
:10739C000102BDE870401A60FFF7AFBB001002405D
:1073AC0084BC000894BC000890820020000C0040B3
:1073BC0083680649B3FBF1F3D0E90002B2FBF1F2AA
:1073CC00B0FBF1F1024800F07DBB00BF40420F0062
:1073DC0055BC0008134B144A9942144B0ED0144858
:1073EC0081420BD000F54060814207D000F58060EF
:1073FC00814203D000F58060814206D19268986882
:10740C0012F4005F18BF400070475868094B92682F
:10741C009942F9D003F5C0539942F5D012F4806F1C
:10742C00F0E700BF002C01400010024090820020C9
:10743C0000340140007C004020B50D46016808482E
:10744C00FFF7C8FFCB6A0133B0FBF3F0A842B0FBE7
:10745C00F5F328BF03F1FF338B6200234B6220BD91
:10746C009082002010B5074CA06820F47F5020F0CB
:10747C00300040EAC32343EA022242EA0111A16030
:10748C0010BD00BF0010024010B5164C206820F053
:10749C00070040F4C063BAB9102903D9202903D8D6
:1074AC0043F00103236010BD302904D840F4C063BD
:1074BC0043F00203F6E740F4C063402994BF43F065
:1074CC00030343F00403EDE70629EBD90C2902D89A
:1074DC0040F4C063E4E71229E8D940F4C0631A29E8
:1074EC00ECE700BF00200240054A136823F4C06398
:1074FC0019B943F400731360704743F48063FAE7DF
:10750C0000700040013907299FBF054AD36823F05A
:10751C00700343EA01139ABF0020D3600720704721
:10752C0000100240034AD36823F003031943D160CF
:10753C00704700BF00100240A1F108004E2870B542
:10754C001AD8082A18D84FF4AA70D040C00713D5FF
:10755C000B4D286810F0807010D1EE68094C5B0858
:10756C00013B3440520844EA435444EA0121013AB5
:10757C0041EA4262EA6070BD0720FCE70320FAE7AB
:10758C0000100240FF808CF8074A136843F48073A4
:10759C00136042F20F731168490503D4013BFAD111
:1075AC00022070470020704700100240074A136801
:1075BC0043F08073136042F20F731168890103D496
:1075CC00013BFAD1022070470020704700100240A6
:1075DC00054A936843F003039360936803F00C032C
:1075EC000C2BFAD1002070470010024070B50068D7
:1075FC003A4D049CA84248D105F560452E6E46F4E0
:10760C0080562E66D5F8806026F48056C5F88060CA
:10761C00D5F880504FF441750560012902BF01680F
:10762C0041F080010160012A02BF026842F00202AF
:10763C000260012B02BF036843F001030360274B78
:10764C009842274B0CBF9B685B68B3FBF4F3802B11
:10765C0037DC402B37DC202B37DC102B37DC082BAE
:10766C0037DC042B37DC022BD4BF00230123026848
:10767C0042EAC30303609DF81430012B0CBF4FF496
:10768C0070634FF4B853436070BD164DA8420BD1D4
:10769C0005F5EC35AE6D46F48046AE65AE6F26F45E
:1076AC008046AE67AD6FB5E70F4DA842B2D105F578
:1076BC00EA35AE6D46F40046AE65AE6F26F4004674
:1076CC00EFE70723D3E70623D1E70523CFE704230E
:1076DC00CDE70323CBE70223C9E700BF003001400D
:1076EC009082002000380040003C004008B5F9F7BB
:1076FC007FF8FFF7E5F9084B9B68DB0703D5074BD1
:10770C001B6803B19847FFF7E0F9F9F789F8BDE872
:10771C000840F9F763BD00BF00300140B88200207B
:10772C0008B5F9F765F8FFF7CBF9084B9B68DB0751
:10773C0003D5074B1B6803B19847FFF7C6F9F9F758
:10774C006FF8BDE80840F9F749BD00BF00380040AC
:10775C00BC82002008B5F9F74BF8FFF7B1F9084BDC
:10776C009B68DB0703D5074B1B6803B19847FFF7F2
:10777C00ACF9F9F755F8BDE80840F9F72FBD00BF93
:10778C00003C0040C082002030B5C56985B004467D
:10779C0055B990F820300D48029502A98DF80D309E
:1077AC00FCF746FD05B030BD04300190F9F750F8F8
:1077BC006368019813B1F9F741FC0198044A234618
:1077CC00294605B0BDE83040F9F71EBC88160020EC
:1077DC00E56A000813B5044690F8203009488DF886
:1077EC000530002269460092FCF722FD94F8213006
:1077FC00012B05D1204602B0BDE81040FFF7C4BFF5
:10780C0002B010BD8816002030B5D0B1C9B1884285
:10781C001AD0421E12F8014F11F8010BA4F14103CA
:10782C00192BA0F141059ABF04F12003DBB22346CA
:10783C00192D9CBF2030C0B2181A01D1002CE9D1EF
:10784C0030BD4FF0FF30FBE70020F9E770B5034681
:10785C0008B952B113681E4613F8010B0D4615F802
:10786C00014B24B948B910600246104670BDA042C5
:10787C00F5D1F0E703460CE014B913F8010B0D46F3
:10788C0015F8014BA042F7D10028F3D0002103F8E2
:10789C00011C13603246E8E730B10023C25C0AB920
:1078AC00184670470133F9E70346F9E72DE9F04331
:1078BC0085B098469DF8309001AB064600250846E9
:1078CC001F46B0FBF2F402FB140109298446204642
:1078DC00CCB294BF30343734E4B2944503F8014B46
:1078EC0005F10105EDD22C46336844451B680AD3DB
:1078FC003368013D1B68795D30469847C0B238B992
:10790C00002DF5D105E0494630469847C0B218B174
:10791C000D2005B0BDE8F0830134E5E72DE9F04F0B
:10792C00054685B014464FF00A0B0E4616F8013B7F
:10793C0033B92B685B68284605B0BDE8F04F184793
:10794C00252B07D02A681946126828469047C0B2E2
:10795C0068B3EEE791F80180B8F1300F0CBF8E1CC4
:10796C004FF020084FF0000916F8011BA1F130036D
:10797C00DBB2092B03D92A2904D114F8043B0BFBE5
:10798C000939F1E72E2909D116F8011BA1F13003B1
:10799C00092BF9D92A2901D10434F5E7632937D009
:1079AC0015D8412962D004D8252900F088803146A9
:1079BC00BBE7532933D05829F9D1CDF800804B4679
:1079CC00102254F8041B2846FFF770FFBFE77329F9
:1079DC0025D016D8642901D06929E8D154F8047B44
:1079EC00002F08DA2B682D211B6828469847C0B257
:1079FC0000289ED17F42CDF800804B460A223946A2
:107A0C00E1E77529D3D1CDF800804B460A22D8E79F
:107A1C002B6814F8041B1B682846984797E7D4F882
:107A2C0000A05046FFF738FF0AF1FF3A0746BAF1BB
:107A3C00FF3F02D01AF8011F11B9A9EB070711E09B
:107A4C002B6828461B689847C0B20028EFD070E717
:107A5C002B6841461B6828469847C0B2013F002856
:107A6C007FF467AF002FF3DC0434A0E7D4E9009374
:107A7C00D4F80880039300275FFA88FA039B9F428F
:107A8C0001DB0C3493E777B9302319F80710009316
:107A9C00102202232846FFF709FFC0B200287FF40A
:107AAC0048AF0137EAE7B8F1000FEDD02B6851462B
:107ABC001B6828469847C0B20028E5D039E72B68E8
:107ACC001B68A9E70FB41FB506AB53F8041B03934F
:107ADC000191302383F31188F8F744FE039A01993E
:107AEC000648FFF71BFFF8F74DFE002383F31188C0
:107AFC0005B05DF804EB04B0704700BF141B002008
:107B0C000FB407B504AA054852F8041B0192FFF7FD
:107B1C0005FF03B05DF804EB04B07047141B0020A4
:107B2C000FB407B504AA054852F8041B0192FFF7DD
:107B3C00F5FE03B05DF804EB04B07047141B002095
:107B4C008B0337B5054628D5154C01238DF8053028
:107B5C00F8F77EFED4F8AC30002B1EDDF8F778FE7B
:107B6C00D4F8AC3001990F48013BC4F8AC30D4F8D0
:107B7C00943003F10802C4F894201D60596004F19C
:107B8C0090039A4234BFD4F894302346C4F894300E
:107B9C0003B0BDE83040F9F76FB803B030BD00BF9B
:107BAC008816002020170020B0F1904FF0B542D17C
:107BBC003F4DEC6C44F00104EC6407684D00032469
:107BCC00AC40E64327EA0404046007680224AC4096
:107BDC003C43046001248C40002A64D1426822EAB0
:107BEC0004024260C2683240C260C268AB401343B8
:107BFC00C36083681E40866082680123072903FAEC
:107C0C0005F343EA02038ABFA1F108028A0092003D
:107C1C00072983608CBF0423002318440F21036AB7
:107C2C00914023EA010303629DF81430016A9340EA
:107C3C000B430362F0BD1F4CA04204D11C4DEC6CF5
:107C4C0044F00204B8E71C4CA04204D1184DEC6C73
:107C5C0044F00404B0E7194CA04204D1144DEC6C70
:107C6C0044F00804A8E7164CA04204D1104DEC6C6B
:107C7C0044F01004A0E7134CA04204D10C4DEC6C62
:107C8C0044F0200498E7104CA04204D1084DEC6C51
:107C9C0044F0400490E70D4CA0428ED1044DEC6CA6
:107CAC0044F0800488E74268144344609AE700BFBC
:107CBC00001002400004004800080048000C004876
:107CCC00001000480014004800180048001C004830
:107CDC0008B5F8F78DFD302383F31188F8F764FDB0
:107CEC000A4B0B4AD9691A620A4B186810B103681F
:107CFC001B689847F8F76AFD002383F31188F8F79F
:107D0C008FFDBDE80840F9F769BA00BF00380140A3
:107D1C00CF1B1200C482002008B5F8F769FD302390
:107D2C0083F31188F8F740FD0A4B0B4AD9691A62A4
:107D3C000A4B186810B103681B689847F8F746FDA2
:107D4C00002383F31188F8F76BFDBDE80840F9F7C1
:107D5C0045BA00BF00440040CF1B1200C88200206F
:107D6C0008B5F8F745FD302383F31188F8F71CFDAF
:107D7C000A4B0B4AD9691A620A4B186810B103688E
:107D8C001B689847F8F722FD002383F31188F8F756
:107D9C0047FDBDE80840F9F721BA00BF0048004094
:107DAC00CF1B1200CC82002008B5F8F721FD302340
:107DBC0083F31188F8F7F8FC0A4B0B4AD9691A625D
:107DCC000A4B186810B103681B689847F8F7FEFC5B
:107DDC00002383F31188F8F723FDBDE80840F9F779
:107DEC00FDB900BF004C0040CF1B1200D082002018
:107DFC0008B5F8F7FDFC302383F31188F8F7D4FCB1
:107E0C000A4B0B4AD9691A620A4B186810B10368FD
:107E1C001B689847F8F7DAFC002383F31188F8F70E
:107E2C00FFFCBDE80840F9F7D9B900BF005000408D
:107E3C00CF1B1200D4820020D0F81012D0F81C22D4
:107E4C0000F504735B1A934228BF134630B5C0F893
:107E5C002032D3B14268002380F818325368D468BA
:107E6C00D960D0F820125960157C2168C0680F22A7
:107E7C00AA4021EA0201428CAA400A432260026A0B
:107E8C001A601A6842F001021A6030BD43685968E2
:107E9C000A6822F00F020A60197C1A680E238B40C4
:107EAC005360D0E98731D0F810225B1A0A4400F5F0
:107EBC0004718A4228BF00F11002C0F81C32C0F8CD
:107ECC0010221BB9012380F818327047FFF7B4BF9A
:107EDC00FFF7DCBFD0F81C32B3F5007F02D34FF0B4
:107EEC000D007047D0F814325A1CC0F814221970C7
:107EFC00D0F8142200F504739A4224BF00F1100349
:107F0C00C0F81432D0F81C320133C0F81C324FF0D8
:107F1C0000007047FFF7DEBFA0F54A70FAE790F853
:107F2C0018320BB1FFF788BF7047FFF7F8BFA0F509
:107F3C004A70FAE78368D0F824225B685B68C3F563
:107F4C0080739B1A48BF03F5807383B1531C0244A2
:107F5C00C0F8243292F828320B70D0F82432FF2B60
:107F6C004FF0000301DDC0F82432184670470B2097
:107F7C0070470000C36893F8282010B50446032A04
:107F8C0018D8DFE802F0020E181CD3E900120E4BD1
:107F9C009A420E4B0CBF9B685B68B3FBF1F3D3604A
:107FAC0008E00A48FFF77AF9E368D3E90032B0FB3E
:107FBC00F3F0D06010BDD3E90012054BEDE7D3E927
:107FCC0000124FF40043E8E7003801409082002093
:107FDC000024F400F7B5C6688F4B74689C420546C4
:107FEC0000F0C28003F580639C4214BF0723082372
:107FFC00B189009300231A46B068FFF7D5FD874B73
:10800C009C4200F0B38003F580639C4200F0B0808A
:10801C0003F580639C4200F0AD8003F58063E31AA6
:10802C005C425C41E3007E4C0321D4F888209940EB
:10803C0022EA0102C4F8882096F82820D4F8881087
:10804C0002FA03F30B43022AC4F8883002D17548B4
:10805C00FFF79AFAEB68744A5B68934240F08C80A5
:10806C00236E43F480432366D4F8803023F480439A
:10807C00C4F88030D4F880306C4B1D602846FFF774
:10808C0079FFE8684368806900225A600921684AD0
:10809C002B46F8F769FAEC6846686368C76868604D
:1080AC0003F12802B260007C39680F22824021EA79
:1080BC000201628C82400A433A60226A32600122D9
:1080CC0085F818220C221A60C0229A60524A9342F8
:1080DC0000F08B8002F5806293420CBF08230723CB
:1080EC00A18A0093012320691A46FFF75DFD002346
:1080FC001A46E0690921F8F737FAEC6842686368B8
:10810C00A86003F12401916005F50A71D1604FF468
:10811C0080715160C76890F810C03E680F2101FA59
:10812C000CF026EA0006E08C00FA0CF030433860C4
:10813C00606A1060106840F0010010605A6842F0EC
:10814C0020625A601A6842F480421A60364A93429E
:10815C004DD12520F8F767F9EB685A68136843F09E
:10816C000103136003B0F0BD082341E702235AE773
:10817C00042358E7062356E7284A93420AD1A36DF5
:10818C0043F40033A365A36F23F40033A367A36FF9
:10819C00284B72E7284A93420AD1A36D43F48023FB
:1081AC00A365A36F23F48023A367A36F234B64E71A
:1081BC00194A93420AD1A36D43F40023A365A36F1C
:1081CC0023F40023A367A36F1D4B56E71D4A93426C
:1081DC007FF454AFA36D43F48013A365A36F23F412
:1081EC008013A367A36F184B47E7082378E70B4A64
:1081FC00934201D12620ADE70F4A934201D12720AB
:10820C00A8E7054A934201D13420A3E70D4A9342D3
:10821C00A2D135209EE700BF004C00400044004036
:10822C00001002409082002000380140C4820020DF
:10823C00DD7E0008C882002000480040CC8200206F
:10824C00D082002000500040D4820020134B9A6D45
:10825C0042F008029A659A6F42F008029A67104A37
:10826C009B6F936843F0080393600E4B5A6842F27D
:10827C001073B2FBF3F20C4B013A9A624FF0FF32DF
:10828C00DA6200229A615A63DA605A6001225A61FA
:10829C0009211A603220F8F7C6B800BF001002405E
:1082AC00002004E090820020000C00400B4A08B52E
:1082BC001169D3680B40D9B2C9439B0711610BD527
:1082CC00302383F31188F8F76FFAF8F713FDF8F7FA
:1082DC007DFA002383F3118808BD00BF000C004019
:1082EC0008B5F8F785FAFFF7E1FFF8F799FABDE85A
:1082FC000840F8F773BF00002DE9F74F0E465749B9
:10830C0090461F4600F0C8F80546B0B93046F8F75D
:10831C001DF8DFF848A1DFF84CB181462C465246D7
:10832C004FF480715846FBF771F940B94C4831460F
:10833C00FFF7C8FB4948FBF74FF8012575E0494B9F
:10834C001A78511E1F29184603F10103F8D95B2A2C
:10835C0005D15D21019300F0F3FC019B04464A46D4
:10836C003146184600F0F9FC0028D8D14046F7F702
:10837C00EDFFDFF8E8A0DFF8ECB0814652464FF491
:10838C0080715846FBF742F948B1364A1378591EAA
:10839C001F29164602F10102F8D95B2B03D1324892
:1083AC00FFF790FBC6E73B2B08D0232B06D03D21D3
:1083BC00304600F0C5FC044600283AD022469642CE
:1083CC00134603D212F8011D2029F8D99B1B99459D
:1083DC00D4D14A464146304600F0BFFC0028CDD1EE
:1083EC001E48FAF7F9FF0134264614F8013B013B0D
:1083FC001F2BF9D90020324613783BB13B2B01D00F
:10840C00232B00D110B1911BFF2914D9002111701D
:10841C00304600F095FC8642034603D210F8012D3D
:10842C00202AF8D900221A703E60284603B0BDE815
:10843C00F08F0346CAE71146222B11F8014F05D1E4
:10844C00222C09D080F001000132D5E75C2BFBD146
:10845C00222C08BF0A46F7E70A46F5E7D883002026
:10846C00FCBC0008D88200200DBD000813B51C46CA
:10847C006B46FFF741FF024658B9009801A900F07E
:10848C003DFC019B20601878002818BF0D2002B01D
:10849C0010BD0120FBE7000038B50D46044601462F
:1084AC0001222846FAF78EFD50B9EB683BB92846F5
:1084BC00FAF792FF07482146FFF704FB0B2038BD63
:1084CC00042815BF0146044804482146FFF7FAFA70
:1084DC000120F4E717BD000826BD000835BD0008D3
:1084EC00F8B5A24DA24CEB6C002743F0040380F8C6
:1084FC003872EB64236823F440332360236843F41D
:10850C0000332360636823F480736360E36823F4AF
:10851C004033E360E36843F48033E360A36823F4FF
:10852C004033A360A36843F48033A360636A23F0F1
:10853C000F036362636A43F00C036362EB6C43F0FA
:10854C000403EB64236823F440232360236843F47F
:10855C0000232360636823F400736360E36823F4EF
:10856C004023E360E36843F48023E360A36823F4CF
:10857C004023A360A36843F48023A360636A23F0C1
:10858C00F0036362636A43F0C0036362EB6C43F015
:10859C000403EB64236823F440132360236843F43F
:1085AC0000132360636823F480636360E36823F43F
:1085BC004013E360E36843F48013E360A36823F49F
:1085CC004013A360A36843F48013A360636A23F48D
:1085DC0070636362636A43F440636362EB6C43F001
:1085EC000403EB64236823F440032360236843F4FF
:1085FC0000032360636823F400636360E36823F47F
:10860C004003E360E36843F48003E360A36823F46E
:10861C004003A360A36843F48003A360636A23F45C
:10862C0070436362636A43F440436362EB6C43F0F0
:10863C000403EB64236823F040732360236843F046
:10864C0000732360636823F480536360E36823F052
:10865C004073E360E368E360A36823F04073A360B6
:10866C00A36843F08073A360636A23F4702363628E
:10867C00636A43F440236362EB6C43F00803EB64DE
:10868C003C4B1A6822F030021A601A6842F0200241
:10869C001A605A6822F004025A60DA6822F030023A
:1086AC00DA60DA6842F01002DA609A6822F030027E
:1086BC009A609A6842F010029A601A6A22F4706208
:1086CC001A621A6A42F440621A6206460A20F8F7E5
:1086DC00D3FBEB6C43F00403EB64236823F44043BB
:1086EC002360236843F480432360636823F0800392
:1086FC00636063686360E36823F44043E360E368AA
:10870C00E360A36823F44043A360A36843F480436D
:10871C00A3608023A362184C2820F8F7ADFBF9F76F
:10872C008FF839462046F9F799F82046F8F7ACFE51
:10873C00054620B1BDE8F8401048FFF7C3B9A16A5F
:10874C000F48FFF7BFF90F492A463046FAF7FEFBF0
:10875C0038B10D48FFF7B6F92046BDE8F840F9F7F7
:10876C0047B8012386F83832F8BD00BF001002402C
:10877C0000080048000C00482013002049BD0008E8
:10878C005BBD0008FEBA00086CBD000808B50448C3
:10879C00FFF798F9034B002283F8382208BD00BF7D
:1087AC007CBD000804860020012070470020704723
:1087BC0000F000B800F06CB92DE9F047089E0D46AA
:1087CC0004460F46002B4AD18A42944665D9B2FA28
:1087DC0082F343B102FA03FCC3F120029F4020FA5A
:1087EC0002F217439C404FEA1C4E1FFA8CF5B7FB64
:1087FC00FEF1220C0EFB117742EA074201FB05F059
:10880C0090420AD91CEB020201F1FF3780F01C8167
:10881C00904240F2198102396244121AA4B2B2FB9E
:10882C00FEF00EFB102244EA024400FB05F5A542C3
:10883C000AD91CEB040400F1FF3280F00781A54239
:10884C0040F204816444023840EA0140641B002178
:10885C001EB1DC400023C6E90043BDE8F0878B4223
:10886C0008D9002E00F0ED800021C6E9000508466D
:10887C00BDE8F087B3FA83F1002949D1AB4202D3AA
:10888C00824200F2F880841A65EB0302012017463D
:10889C00002EE2D0C6E90047DFE702B9FFDEB2FAEC
:1088AC0082F3002B40F090808A1A4FEA1C471FFA83
:1088BC008CFE0121B2FBF7F507FB1520220C42EAD6
:1088CC0000420EFB05F0904208D91CEB020205F1A8
:1088DC00FF3802D2904200F2CB804546121AA4B265
:1088EC00B2FBF7F007FB102244EA02440EFB00FE39
:1088FC00A64508D91CEB040400F1FF3202D2A645B0
:10890C0000F2BB801046A4EB0E0440EA05409FE742
:10891C00C1F120078B4022FA07FC4CEA030C05FA44
:10892C0001F420FA07F3FD404FEA1C492343B5FB41
:10893C00F9F81FFA8CFE09FB18551C0C44EA054487
:10894C0008FB0EF5A54202FA01F200FA01F00BD970
:10895C001CEB040408F1FF3A80F08880A54240F239
:10896C008580A8F102086444641B9DB2B4FBF9F342
:10897C0009FB134445EA044403FB0EFEA64508D943
:10898C001CEB040403F1FF356CD2A6456AD9023BFB
:10899C00644443EA0843A3FB0295A4EB0E04AC42E7
:1089AC00C846AE4656D353D056B1B0EB080264EB72
:1089BC000E0404FA07F7CA40CC401743C6E900740A
:1089CC0018460021BDE8F087C3F1200102FA03FC30
:1089DC0020FA01F225FA01F19D402A434FEA1C4787
:1089EC001FFA8CFEB1FBF7F007FB1015110C41EAD6
:1089FC00054100FB0EF58D4204FA03F408D91CEB7B
:108A0C00010100F1FF382FD28D422DD9023861447B
:108A1C00491B92B2B1FBF7F507FB151142EA014273
:108A2C0005FB0EF1914208D91CEB020205F1FF384F
:108A3C0016D2914214D9023D6244521A45EA0041C1
:108A4C0038E73146304608E73946E6E61046FBE69D
:108A5C004845A9D2B9EB020865EB0C0E013BA3E724
:108A6C004546EAE72B4694E74046D1E7D0467BE7FC
:108A7C00023D624432E708460AE76444023842E7A2
:108A8C00024B0146186800F02BB800BF64100020A0
:108A9C00024B0146186800F099B900BF6410002021
:108AAC0070B50E4E0C463168054611B900F068F9E8
:108ABC0030602146284600F063F9431C0AD0C41CE0
:108ACC0024F00304A04207D0211A284600F058F9DC
:108ADC00013001D14FF0FF34204670BD4488002096
:108AEC002DE9F041CD1C25F0030508350C2D38BFC0
:108AFC000C25002D074601DBA94205D90C233B6050
:108B0C0000263046BDE8F0812F4E00F05FF8336848
:108B1C001C4644BB29463846FFF7C2FF431C04469B
:108B2C004FD134682646002E42D1002C43D0236806
:108B3C003146384604EB030800F022F980453AD15F
:108B4C0023680335ED1A25F0030508350C2D38BFC5
:108B5C000C2529463846FFF7A3FF01302BD023689C
:108B6C002B4423600EE02268521B1ED40B2A16D90C
:108B7C006119A342256018BF5960636808BF316052
:108B8C0062514B60384604F10B0600F025F826F0D4
:108B9C000706231DF21AB4D09B1BA350B1E76268E1
:108BAC00A3420CBF32605A60ECE723466468B0E71E
:108BBC0034467668B7E70C233B60384600F00CF877
:108BCC009FE72560DEE700BF40880020014800F0E9
:108BDC00EDB800BF48880020014800F0E8B800BF9D
:108BEC004888002010B5034B0446196800F03AF988
:108BFC00204610BD64100020012B2DE9F04701D058
:108C0C00242B06D900F0CCF8162303600020BDE815
:108C1C00F087DFF8E4C00D462E4615F8014B1CF822
:108C2C00047017F00807F7D12D2C32D12C780127BE
:108C3C00B51C002B5BD0102B09D1302C07D12C7814
:108C4C0004F0DF04582C4DD16C781023023507F159
:108C5C00004808F1FF384FF0000EB8FBF3F97646E8
:108C6C0003FB198AA4F1300CBCF1090F16D8644629
:108C7C00A34224DDBEF1FF3F08D0B1451CD301D186
:108C8C00A24519DB06FB03464FF0010E15F8014B0C
:108C9C00E8E72B2C04BF2C78B51CCAE7A4F1410CD7
:108CAC00BCF1190F01D8373CE2E7A4F1610CBCF11F
:108CBC00190F04D8573CDBE74FF0FF3EE6E7BEF157
:108CCC00FF3F05D122230360464642B930469EE75A
:108CDC0007B17642002AF9D0BEF1000F00D0691E10
:108CEC001160F3E73024002BB1D10823AFE7302C0F
:108CFC00A5D00A23ABE700BF87BD000813460A4680
:108D0C00014602480068FFF777BF00BF64100020DF
:108D1C0010B501390244904201D1002005E00378DE
:108D2C0011F8014FA34201D0181B10BD0130F2E71E
:108D3C0002440346934200D1704703F8011BF9E744
:108D4C00C9B2034610F8012B1AB18A42F9D1184660
:108D5C007047002918BF0023F9E710B56AB1013933
:108D6C00841810F8012B11F8013F9A4203D1A0424C
:108D7C0001D0002AF5D1D01A10BD1046FCE7000036
:108D8C0038B5064D0023044608462B60FDF73CFF22
:108D9C00431C02D12B6803B1236038BDAC89002081
:108DAC00014B1868704700BF641000207047704773
:108DBC000A44914200F1FF3300D1704710B511F80D
:108DCC00014B03F8014F9142F9D110BD37B5002981
:108DDC0044D051F8043C0190002BA1F10404B8BF1D
:108DEC00E418FFF7F3FE1E4A0198136833B9636069
:108DFC00146003B0BDE83040FFF7EEBEA34208D9C3
:108E0C00256861198B4201BF19685B68491921609B
:108E1C00EDE71A465B680BB1A342FAD911685518F5
:108E2C00A5420BD1246821445418A3421160E0D10F
:108E3C001C685B6853600C441460DAE702D90C239D
:108E4C000360D6E7256861198B4204BF19685B681B
:108E5C00636004BF491921605460CAE703B030BD98
:108E6C004088002070B5164C054608460E46FFF7A4
:108E7C00ADFE23684BB100213046FFF781FF421C49
:108E8C0018BF2268034618BF831A0E4A11680022C5
:108E9C0091B90D4C304623609B1A2262E361FFF7B7
:108EAC009BFE0FCC2E460FC60FCC0FC694E80300CA
:108EBC0086E80300284670BD086849680244E7E765
:0C8ECC0044880020408800204C880020D2
:108ED800F8BE0008B0890020B0890020B0890020C1
:108EE800F8BE0008000000000000000000000000BC
:108EF800F8BE0008000000000000000000000000AC
:108F0800F8BE00080000000000000000000000009B
:108F1800F8BE00080000001000000010000000105B
:108F2800F8BE00080000000000000000000000007B
:108F3800F8BE00080000000000000000000000006B
:108F4800F8BE00080000000000000000000000005B
:108F5800646D6153747265616D416C6C6F63490037
:108F6800000002400800024001000000A800024082
:108F780000000B00000002401C000240020000003C
:108F8800A800024004010C0000000240300002402A
:108F980004000000A800024008020D000000024082
:108FA8004400024008000000A80002400C030E0024
:108FB800000002405800024010000000A8000240D3
:108FC80010040F00000002406C0002402000000066
:108FD800A800024014051000000002408000024072
:108FE80040000000A80002401806110000040240DA
:108FF8000804024080000000A8040240000738006E
:10900800000402401C04024000010000A8040240C1
:109018000408390000040240300402400002000045
:10902800A804024008093A0000040240440402402F
:1090380000040000A80402400C0A3B00000402409F
:109048005804024000080000A8040240100B3C002D
:10905800000402406C04024000100000A804024012
:10906800140C440000040240800402400020000068
:10907800A8040240180D45005356233400535623C4
:10908800350053562336005356233700535623389A
:109098000053562339005356233130005356233199
:1090A80031006D61696E0069646C65007374616399
:1090B8006B206F766572666C6F77006368536368C0
:1090C80052656164794900636853656D5369676ED9
:1090D800616C4900636853656D5369676E616C0024
:1090E800636853656D5761697454696D656F75740C
:1090F8005300636853656D52657365745769746886
:109108004D6573736167654900636853656D4F62A8
:109118006A656374496E69740063300021910008C0
:109128000008002000100020401100201813002023
:109138006368546864536C65657053006368546869
:10914800644372656174655374617469630063682C
:1091580054686443726561746553757370656E64B1
:109168006564490063685654446F52657365744971
:109178000063685654446F53657449005F6D6D63AE
:1091880073645F6765745F63617061636974795F55
:10919800657874005F6D6D6373645F6765745F63A2
:1091A80061706163697479005F6D6D6373645F6793
:1091B80065745F736C6963650073646347657449BC
:1091C8006E666F0073646353796E630073646357EC
:1091D80072697465007364635265616400736463E3
:1091E800446973636F6E6E65637400736463436F81
:1091F8006E6E656374007364635374617274000007
:1092080000000000B5870008B98700089514000819
:10921800FD170008DD130008251400086D14000868
:10922800B11300087364635F6C6C645F7772697470
:10923800655F616C69676E6564007364635F6C6C1D
:10924800645F726561645F616C69676E6564007311
:1092580064635F6C6C645F707265706172655F7285
:109268006561645F6279746573000100100411041C
:10927800120413041404150416041704180419041A
:109288001A041B041C041D041E041F0420042104CA
:10929800220423042404250426042704280429047A
:1092A8002A042B042C042D042E042F04300431042A
:1092B80032043304340435043604370438043904DA
:1092C8003A043B043C043D043E043F0491259225A6
:1092D80093250225242561256225562555256325D4
:1092E800512557255D255C255B251025142534253A
:1092F8002C251C2500253C255E255F255A2554254F
:1093080069256625602550256C256725682564250F
:10931800652559255825522553256B256A25182575
:109328000C25882584258C2590258025400441041A
:1093380042044304440445044604470448044904D9
:109348004A044B044C044D044E044F0401045104D8
:1093580004045404070457040E045E04B0001922E0
:10936800B7001A221621A400A025A00061006200FF
:1093780063006400650066006700680069006A00B1
:109388006B006C006D006E006F0070007100720061
:1093980073007400750076007700780079007A0011
:1093A800A100A200A300A500AC00AF00E000E1000E
:1093B800E200E300E400E500E600E700E800E90079
:1093C800EA00EB00EC00ED00EE00EF00F000F10029
:1093D800F200F300F400F500F600F800F900FA00D6
:1093E800FB00FC00FD00FE00FF0001010301050178
:1093F800070109010B010D010F01110113011501ED
:10940800170119011B011D011F012101230125015C
:10941800270129012B012D012F01310133013501CC
:1094280037013A013C013E01400142014401460135
:1094380048014B014D014F0151015301550157019D
:1094480059015B015D015F0161016301650167010C
:1094580069016B016D016F0171017301750177017C
:109468007A017C017E019201B103B203B303B40314
:10947800B503B603B703B803B903BA03BB03BC0308
:10948800BD03BE03BF03C003C103C303C403C503B5
:10949800C603C703C803C903CA033004310432042E
:1094A80033043404350436043704380439043A04E0
:1094B8003B043C043D043E043F0440044104420490
:1094C80043044404450446044704480449044A0440
:1094D8004B044C044D044E044F04510452045304ED
:1094E8005404550456045704580459045A045B0498
:1094F8005C045E045F047021712172217321742160
:10950800752176217721782179217A217B217C2187
:109518007D217E217F2141FF42FF43FF44FF45FF1C
:1095280046FF47FF48FF49FF4AFF4BFF4CFF4DFFEF
:109538004EFF4FFF50FF51FF52FF53FF54FF55FF9F
:1095480056FF57FF58FF59FF5AFF000041004200DD
:1095580043004400450046004700480049004A00CF
:109568004B004C004D004E004F005000510052007F
:1095780053005400550056005700580059005A002F
:109588002100E0FFE1FFE5FFE2FFE3FFC000C100CB
:10959800C200C300C400C500C600C700C800C90097
:1095A800CA00CB00CC00CD00CE00CF00D000D10047
:1095B800D200D300D400D500D600D800D900DA00F4
:1095C800DB00DC00DD00DE0078010001020104019F
:1095D800060108010A010C010E0110011201140113
:1095E800160118011A011C011E0120012201240183
:1095F800260128012A012C012E01300132013401F3
:10960800360139013B013D013F014101430145015B
:1096180047014A014C014E015001520154015601C3
:1096280058015A015C015E01600162016401660132
:1096380068016A016C016E017001720174017601A2
:1096480079017B017D0191019103920393039403B6
:10965800950396039703980399039A039B039C0326
:109668009D039E039F03A003A103A303A403A503D3
:10967800A603A703A803A903AA031004110412044C
:1096880013041404150416041704180419041A04FE
:109698001B041C041D041E041F04200421042204AE
:1096A80023042404250426042704280429042A045E
:1096B8002B042C042D042E042F040104020403049B
:1096C8000404050406040704080409040A040B0436
:1096D8000C040E040F0460216121622163216421BE
:1096E800652166216721682169216A216B216C2126
:1096F8006D216E216F2121FF22FF23FF24FF25FF0B
:1097080026FF27FF28FF29FF2AFF2BFF2CFF2DFF0D
:109718002EFF2FFF30FF31FF32FF33FF34FF35FFBD
:1097280036FF37FF38FF39FF3AFF0000222A3A3C5C
:109738003E3F7C7F002B2C3B3D5B5D00808182831C
:109748008485868788898A8B8C8D8E8F9091929359
:109758009495969798999A9B9C9D9E9F80818283C9
:109768008485868788898A8B8C8D8E8FB0B1B2B3B9
:10977800B4B5B6B7B8B9BABBBCBDBEBFC0C1C2C329
:10978800C4C5C6C7C8C9CACBCCCDCECFD0D1D2D319
:10979800D4D5D6D7D8D9DADBDCDDDEDF9091929349
:1097A8009495969798999A9B9C9D9E9FF0F0F2F2BB
:1097B800F4F4F6F6F8F9FAFBFCFDFEFF01030507E1
:1097C800090E10121416181C1E49646C650D004F02
:1097D80070656E65720D00526573746F7265720DF7
:1097E80000436C6F7365720D004163746976650D93
:1097F800004F70656E65640D00436C6F7365640D92
:10980800004D61737465720D002D333064426D0034
:109818002D323764426D002D323564426D002D3291
:109828003064426D002D313564426D002D31306455
:10983800426D002D3664426D002B3564426D002B5D
:109848003764426D002B313064426D002B31326435
:10985800426D003F3F64426D0054785077723A2061
:1098680025530D00456E61626C656400446973613F
:10987800626C656400537461746500426174746558
:1098880072793A2025640D005365745478507772C4
:1098980000426164506172616D0D0A005278506B2C
:1098A800745072696E74696E67005278506B7450A8
:1098B80072696E74696E673A2025730D004F6B0DDF
:1098C8000A00436D64556E6B6E6F776E3A202553B0
:1098D8000D0A006F70656E65642E77617600616CA5
:1098E8006976652E77617600636C6F7365642E7791
:1098F80061760069643A2025583B20747970653D8B
:10990800256420727373693D25640D000B0A0C03EE
:10991800080D171D26375086CDC5C0526573756D65
:10992800650D005374616E6462790D0050696E674D
:109938000056657273696F6E004255494C445F5416
:10994800494D450057617268616D6D6572506F6968
:109958006E740025532025530D006D656D00410080
:10996800506C6179456E640D000D25532025533BDD
:109978002049443A203078253038580D00566F6C0D
:10998800756D6500436F6D6D6F6E00536574746916
:109998006E67732E696E6900566F6C756D653A2037
:1099A8002564202D3E2025640D00202C0000000099
:1099B800000000000000000091420008B13A0008D1
:1099C800A53D0008D33A000852454C45415345008F
:1099D80032303235303831305F3135323800536506
:1099E800656B4572722025750D00506C61792025D4
:1099F800530D004F70656E202553206661696C65B4
:109A0800640D00435334324C35323A207265616438
:109A1800206661696C20282575290D00FF7FFF7F6E
:109A2800FF7FFF7FFF7FFF7FFF7FFF7FFF7FFF7F3E
:109A3800FF7FFF7FFF7FFF7FFF7FFF7FFF7FFF7F2E
:109A4800FF7FFF7FFF7FFF7FFF7FFF7FFF7FFE7F1F
:109A5800FE7FFE7FFE7FFE7FFE7FFE7FFE7FFD7F17
:109A6800FD7FFD7FFD7FFD7FFD7FFC7FFC7FFC7F11
:109A7800FC7FFC7FFB7FFB7FFB7FFB7FFA7FFA7F0E
:109A8800FA7FFA7FF97FF97FF97FF97FF87FF87F0E
:109A9800F87FF87FF77FF77FF77FF67FF67FF67F0F
:109AA800F67FF57FF57FF57FF47FF47FF47FF37F12
:109AB800F37FF27FF27FF27FF17FF17FF17FF07F1A
:109AC800F07FEF7FEF7FEF7FEE7FEE7FED7FED7F23
:109AD800EC7FEC7FEC7FEB7FEB7FEA7FEA7FE97F2F
:109AE800E97FE87FE87FE77FE77FE67FE67FE57F3E
:109AF800E57FE47FE47FE37FE37FE27FE27FE17F4E
:109B0800E17FE07FE07FDF7FDE7FDE7FDD7FDD7F5F
:109B1800DC7FDC7FDB7FDA7FDA7FD97FD97FD87F74
:109B2800D77FD77FD67FD57FD57FD47FD37FD37F8D
:109B3800D27FD17FD17FD07FCF7FCF7FCE7FCD7FA8
:109B4800CD7FCC7FCB7FCB7FCA7FC97FC87FC87FC3
:109B5800C77FC67FC57FC57FC47FC37FC27FC27FE3
:109B6800C17FC07FBF7FBE7FBE7FBD7FBC7FBB7F05
:109B7800BA7FBA7FB97FB87FB77FB67FB57FB57F29
:109B8800B47FB37FB27FB17FB07FAF7FAE7FAE7F50
:109B9800AD7FAC7FAB7FAA7FA97FA87FA77FA67F79
:109BA800A57FA47FA37FA37FA27FA17FA07F9F7FA4
:109BB8009E7F9D7F9C7F9B7F9A7F997F987F977FD1
:109BC800967F957F947F937F927F917F907F8F7F01
:109BD8008E7F8D7F8B7F8A7F897F887F877F867F37
:109BE800857F847F837F827F817F807F7E7F7D7F6B
:109BF8007C7F7B7F7A7F797F787F767F757F747FA4
:109C0800737F727F717F6F7F6E7F6D7F6C7F6B7FDD
:109C18006A7F687F677F667F657F637F627F617F1A
:109C2800607F5E7F5D7F5C7F5B7F597F587F577F5A
:109C3800567F547F537F527F507F4F7F4E7F4D7F9B
:109C48004B7F4A7F497F477F467F457F437F427FDF
:109C5800417F3F7F3E7F3C7F3B7F3A7F387F377F26
:109C6800367F347F337F317F307F2F7F2D7F2C7F6E
:109C78002A7F297F277F267F247F237F227F207FBB
:109C88001F7F1D7F1C7F1A7F197F177F167F147F08
:109C9800137F117F107F0E7F0D7F0B7F0A7F087F58
:109CA800067F057F037F027F007FFF7EFD7EFC7EAF
:109CB800FA7EF87EF77EF57EF47EF27EF07EEF7E09
:109CC800ED7EEB7EEA7EE87EE77EE57EE37EE27E61
:109CD800E07EDE7EDD7EDB7ED97ED87ED67ED47EBB
:109CE800D37ED17ECF7ECD7ECC7ECA7EC87EC67E18
:109CF800C57EC37EC17EC07EBE7EBC7EBA7EB87E77
:109D0800B77EB57EB37EB17EB07EAE7EAC7EAA7ED7
:109D1800A87EA67EA57EA37EA17E9F7E9D7E9B7E3D
:109D28009A7E987E967E947E927E907E8E7E8D7EA2
:109D38008B7E897E877E857E837E817E7F7E7D7E0B
:109D48007B7E797E787E767E747E727E707E6E7E75
:109D58006C7E6A7E687E667E647E627E607E5E7EE3
:109D68005C7E5A7E587E567E547E527E507E4E7E53
:109D78004C7E4A7E487E467E437E417E3F7E3D7EC7
:109D88003B7E397E377E357E337E317E2F7E2D7E3B
:109D98002A7E287E267E247E227E207E1E7E1B7EB4
:109DA800197E177E157E137E117E0E7E0C7E0A7E2E
:109DB800087E067E037E017EFF7DFD7DFB7DF87DAE
:109DC800F67DF47DF27DEF7DED7DEB7DE97DE67D31
:109DD800E47DE27DE07DDD7DDB7DD97DD67DD47DB2
:109DE800D27DCF7DCD7DCB7DC97DC67DC47DC27D35
:109DF800BF7DBD7DBA7DB87DB67DB37DB17DAF7DBC
:109E0800AC7DAA7DA77DA57DA37DA07D9E7D9B7D44
:109E1800997D977D947D927D8F7D8D7D8A7D887DCE
:109E2800857D837D817D7E7D7C7D797D777D747D5B
:109E3800727D6F7D6D7D6A7D687D657D637D607DEA
:109E48005D7D5B7D587D567D537D517D4E7D4C7D7E
:109E5800497D467D447D417D3F7D3C7D3A7D377D12
:109E6800347D327D2F7D2C7D2A7D277D257D227DA9
:109E78001F7D1D7D1A7D177D157D127D0F7D0D7D42
:109E88000A7D077D057D027DFF7CFC7CFA7CF77CE2
:109E9800F47CF27CEF7CEC7CE97CE77CE47CE17C84
:109EA800DE7CDC7CD97CD67CD37CD07CCE7CCB7C25
:109EB800C87CC57CC27CC07CBD7CBA7CB77CB47CC9
:109EC800B17CAF7CAC7CA97CA67CA37CA07C9E7C6E
:109ED8009B7C987C957C927C8F7C8C7C897C867C16
:109EE800837C817C7E7C7B7C787C757C727C6F7CBF
:109EF8006C7C697C667C637C607C5D7C5A7C577C6E
:109F0800547C517C4E7C4B7C487C457C427C3F7C1D
:109F18003C7C397C367C337C307C2D7C2A7C277CCD
:109F2800247C217C1E7C1B7C187C147C117C0E7C80
:109F38000B7C087C057C027CFF7BFC7BF97BF57B3A
:109F4800F27BEF7BEC7BE97BE67BE37BDF7BDC7BF7
:109F5800D97BD67BD37BCF7BCC7BC97BC67BC37BB2
:109F6800BF7BBC7BB97BB67BB37BAF7BAC7BA97B70
:109F7800A67BA27B9F7B9C7B997B957B927B8F7B2F
:109F88008B7B887B857B827B7E7B7B7B787B747BF2
:109F9800717B6E7B6A7B677B647B607B5D7B5A7BB6
:109FA800567B537B507B4C7B497B457B427B3F7B7D
:109FB8003B7B387B347B317B2E7B2A7B277B237B47
:109FC800207B1C7B197B167B127B0F7B0B7B087B12
:109FD800047B017BFD7AFA7AF67AF37AEF7AEC7AE7
:109FE800E87AE57AE17ADE7ADA7AD77AD37AD07AB9
:109FF800CC7AC97AC57AC17ABE7ABA7AB77AB37A8C
:10A00800B07AAC7AA87AA57AA17A9E7A9A7A967A60
:10A01800937A8F7A8C7A887A847A817A7D7A797A37
:10A02800767A727A6E7A6B7A677A637A607A5C7A11
:10A03800587A557A517A4D7A497A467A427A3E7AEE
:10A048003B7A377A337A2F7A2C7A287A247A207ACC
:10A058001D7A197A157A117A0E7A0A7A067A027AAC
:10A06800FE79FB79F779F379EF79EB79E779E47998
:10A07800E079DC79D879D479D079CC79C979C5797E
:10A08800C179BD79B979B579B179AD79AA79A67966
:10A09800A2799E799A79967992798E798A79867950
:10A0A80082797E797A79767972796E796A79667940
:10A0B80062795F795B79577953794E794A7946792C
:10A0C80042793E793A79367932792E792A79267920
:10A0D80022791E791A79167912790E790A79067910
:10A0E8000179FD78F978F578F178ED78E978E5780F
:10A0F800E178DC78D878D478D078CC78C878C47807
:10A10800BF78BB78B778B378AF78AA78A678A27802
:10A118009E789A78957891788D78897885788078FE
:10A128007C78787874786F786B78677863785E78FD
:10A138005A78567851784D784978457840783C78FF
:10A14800387833782F782B78267822781E78197803
:10A15800157811780C7808780378FF77FB77F6770D
:10A16800F277EE77E977E577E077DC77D877D3771A
:10A17800CF77CA77C677C177BD77B977B477B07725
:10A18800AB77A777A2779E779977957790778C7733
:10A19800877783777E777A77757771776C77687743
:10A1A80063775F775A77567751774D774877437754
:10A1B8003F773A77367731772D77287723771F7768
:10A1C8001A77167711770C7708770377FE76FA7681
:10A1D800F576F176EC76E776E376DE76D976D5769F
:10A1E800D076CB76C776C276BD76B976B476AF76BA
:10A1F800AA76A676A1769C76987693768E768976D8
:10A20800857680767B76767672766D7668766376F6
:10A218005E765A76557650764B76467642763D7619
:10A22800387633762E762A76257620761B7616763D
:10A2380011760D7608760376FE75F975F475EF7567
:10A24800EA75E675E175DC75D775D275CD75C87593
:10A25800C375BE75B975B475AF75AA75A675A175C0
:10A268009C75977592758D75887583757E757975EA
:10A2780074756F756A75657560755B75567551751A
:10A288004C75477542753D75387532752D7528754D
:10A2980023751E75197514750F750A750575007582
:10A2A800FB74F674F074EB74E674E174DC74D774C0
:10A2B800D274CD74C774C274BD74B874B374AE74F8
:10A2C800A874A3749E74997494748F748974847434
:10A2D8007F747A7475746F746A74657460745A7470
:10A2E800557450744B74457440743B7436743074B0
:10A2F8002B74267421741B74167411740B740674F1
:10A308000174FB73F673F173EB73E673E173DB733C
:10A31800D673D173CB73C673C173BB73B673B17382
:10A32800AB73A673A0739B73967390738B738573CB
:10A3380080737B73757370736A7365735F735A7315
:10A3480055734F734A7344733F73397334732E7361
:10A35800297323731E73187313730D7308730273B1
:10A36800FD72F772F272EC72E772E172DC72D67209
:10A37800D072CB72C572C072BA72B572AF72A9725E
:10A38800A4729E72997293728D72887282727D72B3
:10A39800777271726C72667260725B72557250720B
:10A3A8004A7244723F72397233722E722872227264
:10A3B8001C72177211720B7206720072FA71F571C3
:10A3C800EF71E971E371DE71D871D271CC71C77127
:10A3D800C171BB71B571B071AA71A4719E71987188
:10A3E80093718D71877181717B71767170716A71EA
:10A3F80064715E71587153714D71477141713B7150
:10A4080035712F712A7124711E71187112710C71B6
:10A4180006710071FA70F570EF70E970E370DD7025
:10A42800D770D170CB70C570BF70B970B370AD7094
:10A43800A770A1709B7095708F70897083707D7004
:10A44800777071706B7065705F70597053704D7074
:10A45800477041703B7035702F70297023701D70E4
:10A46800177011700B700570FF6FF96FF26FEC6F5A
:10A47800E66FE06FDA6FD46FCE6FC86FC26FBB6FD5
:10A48800B56FAF6FA96FA36F9D6F976F906F8A6F4E
:10A49800846F7E6F786F726F6B6F656F5F6F596FC8
:10A4A800536F4C6F466F406F3A6F346F2D6F276F45
:10A4B800216F1B6F146F0E6F086F026FFB6EF56EC6
:10A4C800EF6EE96EE26EDC6ED66ECF6EC96EC36E4D
:10A4D800BD6EB66EB06EAA6EA36E9D6E976E906ED0
:10A4E8008A6E846E7D6E776E716E6A6E646E5E6E55
:10A4F800576E516E4A6E446E3E6E376E316E2A6EDE
:10A50800246E1E6E176E116E0A6E046EFE6DF76D68
:10A51800F16DEA6DE46DDD6DD76DD16DCA6DC46DF9
:10A52800BD6DB76DB06DAA6DA36D9D6D966D906D87
:10A53800896D836D7C6D766D6F6D696D626D5C6D17
:10A54800556D4F6D486D416D3B6D346D2E6D276DAA
:10A55800216D1A6D146D0D6D066D006DF96CF36C3F
:10A56800EC6CE56CDF6CD86CD26CCB6CC46CBE6CDC
:10A57800B76CB06CAA6CA36C9D6C966C8F6C896C74
:10A58800826C7B6C756C6E6C676C616C5A6C536C0E
:10A598004C6C466C3F6C386C326C2B6C246C1D6CAC
:10A5A800176C106C096C026CFC6BF56BEE6BE76B4F
:10A5B800E16BDA6BD36BCC6BC66BBF6BB86BB16BF3
:10A5C800AA6BA46B9D6B966B8F6B886B826B7B6B96
:10A5D800746B6D6B666B5F6B596B526B4B6B446B3B
:10A5E8003D6B366B306B296B226B1B6B146B0D6BE1
:10A5F800066BFF6AF86AF26AEB6AE46ADD6AD66A91
:10A60800CF6AC86AC16ABA6AB36AAC6AA56A9E6A3E
:10A61800976A906A896A836A7C6A756A6E6A676AE9
:10A62800606A596A526A4B6A446A3D6A366A2F6A96
:10A63800286A216A1A6A126A0B6A046AFD69F6694D
:10A64800EF69E869E169DA69D369CC69C569BE6906
:10A65800B769B069A969A1699A6993698C698569BB
:10A668007E6977697069696961695A6953694C6972
:10A6780045693E6937692F69286921691A6913692B
:10A688000C690469FD68F668EF68E868E068D968ED
:10A69800D268CB68C468BC68B568AE68A7689F68AC
:10A6A800986891688A6882687B6874686D6865686C
:10A6B8005E6857685068486841683A6832682B682D
:10A6C80024681C6815680E680668FF67F867F067F5
:10A6D800E967E267DA67D367CC67C467BD67B667BF
:10A6E800AE67A767A06798679167896782677B6786
:10A6F80073676C6764675D6756674E6747673F6750
:10A7080038673067296722671A6713670B6704671A
:10A71800FC66F566ED66E666DE66D766D066C866F0
:10A72800C166B966B266AA66A3669B6693668C66BE
:10A7380084667D6675666E6666665F665766506691
:10A7480048664166396631662A6622661B66136664
:10A758000C660466FC65F565ED65E665DE65D6653F
:10A76800CF65C765C065B865B065A965A165996518
:10A7780092658A6582657B6573656B6564655C65F2
:10A7880054654D6545653D6536652E6526651F65CD
:10A7980017650F6507650065F864F064E964E164AE
:10A7A800D964D164CA64C264BA64B264AB64A36491
:10A7B8009B6493648B6484647C6474646C64656473
:10A7C8005D6455644D6445643E6436642E64266455
:10A7D8001E6416640F640764FF63F763EF63E7633F
:10A7E800DF63D863D063C863C063B863B063A8632A
:10A7F800A063996391638963816379637163696312
:10A80800616359635163496342633A6332632A63FC
:10A8180022631A6312630A630263FA62F262EA62EB
:10A82800E262DA62D262CA62C262BA62B262AA62E0
:10A83800A2629A6292628A6282627A6272626A62D0
:10A8480062625A6252624A6242623A6232622A62C0
:10A8580021621962116209620162F961F161E961BB
:10A86800E161D961D161C961C061B861B061A861B4
:10A87800A0619861906188617F6177616F616761AC
:10A888005F6157614E6146613E6136612E612661A6
:10A898001D6115610D610561FD60F460EC60E460A7
:10A8A800DC60D460CB60C360BB60B360AA60A260A8
:10A8B8009A609260896081607960716068606060A8
:10A8C8005860506047603F6037602E6026601E60A9
:10A8D80016600D600560FD5FF45FEC5FE45FDB5FB1
:10A8E800D35FCB5FC25FBA5FB25FA95FA15F995FB9
:10A8F800905F885F805F775F6F5F665F5E5F565FC0
:10A908004D5F455F3C5F345F2C5F235F1B5F125FC9
:10A918000A5F025FF95EF15EE85EE05ED75ECF5ED9
:10A92800C75EBE5EB65EAD5EA55E9C5E945E8B5EE7
:10A93800835E7A5E725E695E615E585E505E485EF6
:10A948003F5E375E2E5E255E1D5E145E0C5E035E06
:10A95800FB5DF25DEA5DE15DD95DD05DC85DBF5D1F
:10A96800B75DAE5DA55D9D5D945D8C5D835D7A5D33
:10A97800725D695D615D585D505D475D3E5D365D48
:10A988002D5D245D1C5D135D0B5D025DF95CF15C62
:10A99800E85CDF5CD75CCE5CC55CBD5CB45CAB5C82
:10A9A800A35C9A5C915C895C805C775C6F5C665C9C
:10A9B8005D5C555C4C5C435C3A5C325C295C205CB9
:10A9C800185C0F5C065CFD5BF55BEC5BE35BDA5BDC
:10A9D800D25BC95BC05BB75BAF5BA65B9D5B945BFF
:10A9E8008C5B835B7A5B715B685B605B575B4E5B20
:10A9F800455B3C5B345B2B5B225B195B105B075B45
:10AA0800FF5AF65AED5AE45ADB5AD25AC95AC15A71
:10AA1800B85AAF5AA65A9D5A945A8B5A825A7A5A99
:10AA2800715A685A5F5A565A4D5A445A3B5A325AC2
:10AA3800295A215A185A0F5A065AFD59F459EB59EE
:10AA4800E259D959D059C759BE59B559AC59A35922
:10AA58009A59915988597F5976596D5964595B5952
:10AA680052594959405937592E5925591C59135982
:10AA78000A590159F858EF58E658DD58D458CB58B8
:10AA8800C258B958B058A7589E5895588C588258EB
:10AA98007958705867585E5855584C5843583A5822
:10AAA800315828581E5815580C580358FA57F1575A
:10AAB800E857DF57D557CC57C357BA57B157A85798
:10AAC8009F5795578C5783577A57715767575E57D3
:10AAD80055574C5743573A57305727571E5715570E
:10AAE8000C570257F956F056E756DD56D456CB5652
:10AAF800C256B856AF56A6569D5693568A56815694
:10AB080078566E5665565C565356495640563756D3
:10AB18002D5624561B5612560856FF55F655EC5519
:10AB2800E355DA55D055C755BE55B455AB55A25562
:10AB380098558F5586557C5573556A5560555755A8
:10AB48004E5544553B55315528551F5515550C55EF
:10AB58000255F954F054E654DD54D354CA54C15440
:10AB6800B754AE54A4549B54915488547F5475548C
:10AB78006C54625459544F5446543C5433542A54D8
:10AB8800205417540D540454FA53F153E753DE5329
:10AB9800D453CB53C153B853AE53A5539B5392537D
:10ABA80088537F5375536C53625358534F534553CF
:10ABB8003C53325329531F5316530C530353F95222
:10ABC800EF52E652DC52D352C952BF52B652AC527F
:10ABD800A3529952905286527C52735269525F52D4
:10ABE80056524C52435239522F5226521C5212522C
:10ABF8000952FF51F551EC51E251D851CF51C5518D
:10AC0800BB51B251A8519E5195518B5181517851E8
:10AC18006E5164515B51515147513E5134512A5143
:10AC2800205117510D510351F950F050E650DC50A6
:10AC3800D350C950BF50B550AC50A25098508E5008
:10AC480084507B50715067505D5054504A5040506A
:10AC580036502C50235019500F500550FB4FF24FCF
:10AC6800E84FDE4FD44FCA4FC04FB74FAD4FA34F39
:10AC7800994F8F4F854F7C4F724F684F5E4F544F9F
:10AC88004A4F404F374F2D4F234F194F0F4F054F06
:10AC9800FB4EF14EE84EDE4ED44ECA4EC04EB64E76
:10ACA800AC4EA24E984E8E4E844E7A4E714E674EE2
:10ACB8005D4E534E494E3F4E354E2B4E214E174E4C
:10ACC8000D4E034EF94DEF4DE54DDB4DD14DC74DC2
:10ACD800BD4DB34DA94D9F4D954D8B4D814D774D34
:10ACE8006D4D634D594D4F4D454D3B4D314D274DA4
:10ACF8001D4D134D094DFF4CF54CEB4CE14CD74C19
:10AD0800CD4CC34CB94CAF4CA54C9B4C914C864C8C
:10AD18007C4C724C684C5E4C544C4A4C404C364C03
:10AD28002C4C224C174C0D4C034CF94BEF4BE54B7C
:10AD3800DB4BD14BC74BBC4BB24BA84B9E4B944BF8
:10AD48008A4B804B754B6B4B614B574B4D4B434B71
:10AD5800384B2E4B244B1A4B104B064BFB4AF14AEF
:10AD6800E74ADD4AD34AC84ABE4AB44AAA4AA04A70
:10AD7800954A8B4A814A774A6D4A624A584A4E4AEE
:10AD8800444A394A2F4A254A1B4A104A064AFC496E
:10AD9800F249E749DD49D349C949BE49B449AA49F5
:10ADA800A04995498B49814976496C496249584976
:10ADB8004D49434939492E4924491A490F490549FA
:10ADC800FB48F048E648DC48D148C748BD48B24887
:10ADD800A8489E48934889487F4874486A4860480C
:10ADE80055484B48404836482C48214817480D4894
:10ADF8000248F847ED47E347D947CE47C447B94724
:10AE0800AF47A5479A47904785477B4770476647AE
:10AE18005C47514747473C47324727471D4712473A
:10AE28000847FE46F346E946DE46D446C946BF46CD
:10AE3800B446AA469F4695468A46804675466B465E
:10AE4800604656464B46414636462C4621461746EE
:10AE58000C460246F745ED45E245D845CD45C34584
:10AE6800B845AE45A34599458E45834579456E4518
:10AE7800644559454F45444539452F4524451A45AC
:10AE88000F450545FA44EF44E544DA44D044C54447
:10AE9800BA44B044A5449B44904485447B447044E0
:10AEA80066445B44504446443B44304426441B4477
:10AEB80011440644FB43F143E643DB43D143C64315
:10AEC800BB43B143A6439B43914386437B437143B2
:10AED80066435B43514346433B43304326431B434E
:10AEE80010430643FB42F042E642DB42D042C542F1
:10AEF800BB42B042A5429A42904285427A42704291
:10AF080065425A424F4245423A422F4224421A422F
:10AF18000F420442F941EE41E441D941CE41C341D7
:10AF2800B941AE41A34198418D41834178416D417A
:10AF3800624157414D41424137412C41214117411E
:10AF48000C410141F640EB40E040D640CB40C040C8
:10AF5800B540AA409F4095408A407F407440694070
:10AF68005E40534048403E40334028401D40124018
:10AF78000740FC3FF13FE73FDC3FD13FC63FBB3FC7
:10AF8800B03FA53F9A3F8F3F853F7A3F6F3F643F71
:10AF9800593F4E3F433F383F2D3F223F173F0C3F1D
:10AFA800013FF63EEC3EE13ED63ECB3EC03EB53ECE
:10AFB800AA3E9F3E943E893E7E3E733E683E5D3E7D
:10AFC800523E473E3C3E313E263E1B3E103E053E2D
:10AFD800FA3DEF3DE43DD93DCE3DC33DB83DAD3DE5
:10AFE800A23D973D8C3D813D763D6B3D603D553D95
:10AFF8004A3D3F3D343D293D1E3D133D083DFD3C46
:10B00800F23CE73CDC3CD03CC53CBA3CAF3CA43C01
:10B01800993C8E3C833C783C6D3C623C573C4C3CB4
:10B02800413C353C2A3C1F3C143C093CFE3BF33B6D
:10B03800E83BDD3BD23BC63BBB3BB03BA53B9A3B29
:10B048008F3B843B793B6D3B623B573B4C3B413BE1
:10B05800363B2B3B203B143B093BFE3AF33AE83A9C
:10B06800DD3AD13AC63ABB3AB03AA53A9A3A8E3A5C
:10B07800833A783A6D3A623A573A4B3A403A353A17
:10B088002A3A1F3A133A083AFD39F239E739DB39D7
:10B09800D039C539BA39AF39A33998398D39823998
:10B0A80076396B396039553949393E393339283958
:10B0B8001D3911390639FB38F038E438D938CE381B
:10B0C800C238B738AC38A13895388A387F387438E0
:10B0D80068385D38523846383B38303825381938A2
:10B0E8000E380338F737EC37E137D537CA37BF376B
:10B0F800B437A8379D37923786377B377037643730
:10B1080059374E37423737372C37203715370A37F4
:10B11800FE36F336E836DC36D136C536BA36AF36C3
:10B12800A33698368D36813676366B365F3654368A
:10B1380048363D36323626361B360F360436F93554
:10B14800ED35E235D735CB35C035B435A9359D3524
:10B15800923587357B357035643559354E354235EE
:10B1680037352B35203514350935FE34F234E734BC
:10B17800DB34D034C434B934AD34A23497348B348E
:10B188008034743469345D34523446343B342F345B
:10B19800243418340D340134F633EA33DF33D3332F
:10B1A800C833BC33B133A5339A338E338333773303
:10B1B8006C336033553349333E33323327331B33D3
:10B1C80010330433F932ED32E232D632CB32BF32A9
:10B1D800B432A8329D32913285327A326E3263327D
:10B1E80057324C324032353229321D321232063251
:10B1F800FB31EF31E431D831CC31C131B531AA312D
:10B208009E31933187317B317031643159314D3101
:10B21800413136312A311F3113310731FC30F030DA
:10B22800E530D930CD30C230B630AA309F309330B7
:10B2380088307C307030653059304D30423036308F
:10B248002A301F3013300830FC2FF02FE52FD92F6C
:10B25800CD2FC22FB62FAA2F9F2F932F872F7C2F4A
:10B26800702F642F592F4D2F412F362F2A2F1E2F25
:10B27800132F072FFB2EEF2EE42ED82ECC2EC12E07
:10B28800B52EA92E9E2E922E862E7A2E6F2E632EE6
:10B29800572E4C2E402E342E282E1D2E112E052EC4
:10B2A800FA2DEE2DE22DD62DCB2DBF2DB32DA72DAA
:10B2B8009C2D902D842D782D6D2D612D552D492D8A
:10B2C8003E2D322D262D1A2D0F2D032DF72CEB2C6C
:10B2D800E02CD42CC82CBC2CB12CA52C992C8D2C52
:10B2E800812C762C6A2C5E2C522C462C3B2C2F2C35
:10B2F800232C172C0C2C002CF42BE82BDC2BD02B1C
:10B30800C52BB92BAD2BA12B952B8A2B7E2B722B02
:10B31800662B5A2B4F2B432B372B2B2B1F2B132BE7
:10B32800082BFC2AF02AE42AD82ACC2AC12AB52AD2
:10B33800A92A9D2A912A852A792A6E2A622A562ABA
:10B348004A2A3E2A322A262A1B2A0F2A032AF729A2
:10B35800EB29DF29D329C729BC29B029A429982991
:10B368008C298029742968295C295129452939297A
:10B378002D29212915290929FD28F128E528DA2868
:10B38800CE28C228B628AA289E28922886287A2855
:10B398006E28622856284B283F28332827281B2840
:10B3A8000F280328F727EB27DF27D327C727BB2733
:10B3B800AF27A32797278B278027742768275C2721
:10B3C8005027442738272C27202714270827FC260E
:10B3D800F026E426D826CC26C026B426A8269C2605
:10B3E8009026842678266C266026542648263C26F5
:10B3F8003026242618260C260026F425E825DC25E8
:10B40800D025C425B825AC25A025942588257C25DC
:10B418007025642558254C254025342528251C25CC
:10B4280010250425F824EC24E024D424C824BC24C2
:10B43800B024A42498248C248024742467245B24B6
:10B448004F24432437242B241F2413240724FB23AD
:10B45800EF23E323D723CB23BF23B323A7239A23A5
:10B468008E23822376236A235E23522346233A239C
:10B478002E23222316230A23FD22F122E522D92294
:10B48800CD22C122B522A9229D229122842278228E
:10B498006C226022542248223C2230222422182284
:10B4A8000B22FF21F321E721DB21CF21C321B72183
:10B4B800AA219E21922186217A216E21622156217C
:10B4C80049213D213121252119210D210121F42076
:10B4D800E820DC20D020C420B820AC209F20932076
:10B4E80087207B206F20632057204A203E2032206F
:10B4F80026201A200E200120F51FE91FDD1FD11F6D
:10B50800C51FB81FAC1FA01F941F881F7B1F6F1F6C
:10B51800631F571F4B1F3F1F321F261F1A1F0E1F67
:10B52800021FF51EE91EDD1ED11EC51EB81EAC1E6B
:10B53800A01E941E881E7B1E6F1E631E571E4B1E68
:10B548003E1E321E261E1A1E0E1E011EF51DE91D68
:10B55800DD1DD01DC41DB81DAC1DA01D931D871D6C
:10B568007B1D6F1D621D561D4A1D3E1D311D251D6B
:10B57800191D0D1D011DF41CE81CDC1CD01CC31C6E
:10B58800B71CAB1C9F1C921C861C7A1C6E1C611C71
:10B59800551C491C3D1C301C241C181C0C1CFF1B72
:10B5A800F31BE71BDA1BCE1BC21BB61BA91B9D1B7B
:10B5B800911B851B781B6C1B601B531B471B3B1B7C
:10B5C8002F1B221B161B0A1BFE1AF11AE51AD91A81
:10B5D800CC1AC01AB41AA81A9B1A8F1A831A761A88
:10B5E8006A1A5E1A511A451A391A2D1A201A141A8B
:10B5F800081AFB19EF19E319D619CA19BE19B11996
:10B60800A51999198D198019741968195B194F1999
:10B61800431936192A191E1911190519F918EC18A0
:10B62800E018D418C718BB18AF18A21896188A18AB
:10B638007D187118651858184C18401833182718B1
:10B648001B180E180218F617E917DD17D117C417BB
:10B65800B817AC179F17931787177A176E176117C4
:10B66800551749173C173017241717170B17FF16CC
:10B67800F216E616DA16CD16C116B416A8169C16DA
:10B688008F16831677166A165E16511645163916E2
:10B698002C16201614160716FB15EE15E215D615EE
:10B6A800C915BD15B115A41598158B157F157315FA
:10B6B80066155A154D154115351528151C150F1504
:10B6C8000315F714EA14DE14D114C514B914AC1414
:10B6D800A014931487147B146E146214551449141F
:10B6E8003D143014241417140B14FF13F213E6132B
:10B6F800D913CD13C113B413A8139B138F1382133B
:10B7080076136A135D135113441338132B131F1345
:10B7180013130613FA12ED12E112D412C812BC1256
:10B72800AF12A31296128A127D1271126512581264
:10B738004C123F12331226121A120E120112F51170
:10B74800E811DC11CF11C311B611AA119E11911184
:10B75800851178116C115F11531146113A112D1191
:10B76800211115110811FC10EF10E310D610CA10A2
:10B77800BD10B110A41098108C107F1073106610B3
:10B788005A104D104110341028101B100F100210C1
:10B79800F60FEA0FDD0FD10FC40FB80FAB0F9F0FD5
:10B7A800920F860F790F6D0F600F540F470F3B0FE5
:10B7B8002E0F220F150F090FFC0EF00EE40ED70EF8
:10B7C800CB0EBE0EB20EA50E990E8C0E800E730E09
:10B7D800670E5A0E4E0E410E350E280E1C0E0F0E19
:10B7E800030EF60DEA0DDD0DD10DC40DB80DAB0D30
:10B7F8009F0D920D860D790D6D0D600D540D470D41
:10B808003B0D2E0D220D150D090DFC0CF00CE30C53
:10B81800D70CCA0CBE0CB10CA50C980C8C0C7F0C68
:10B82800730C660C5A0C4D0C410C340C280C1B0C78
:10B838000F0C020CF60BE90BDD0BD00BC40BB70B8E
:10B84800AB0B9E0B920B850B790B6C0B600B530BA0
:10B85800470B3A0B2D0B210B140B080BFB0AEF0AB5
:10B86800E20AD60AC90ABD0AB00AA40A970A8B0ACC
:10B878007E0A720A650A590A4C0A400A330A270ADC
:10B888001A0A0D0A010AF409E809DB09CF09C209F5
:10B89800B609A9099D099009840977096B095E0908
:10B8A8005109450938092C091F0913090609FA081D
:10B8B800ED08E108D408C808BB08AF08A208950835
:10B8C80089087C087008630857084A083E08310848
:10B8D800250818080C08FF07F207E607D907CD075F
:10B8E800C007B407A7079B078E0782077507680775
:10B8F8005C074F07430736072A071D071107040788
:10B90800F806EB06DE06D206C506B906AC06A006A2
:10B91800930687067A066E066106540648063B06B5
:10B928002F06220616060906FD05F005E305D705CC
:10B93800CA05BE05B105A50598058C057F057205E4
:10B94800660559054D054005340527051B050E05F7
:10B958000105F504E804DC04CF04C304B604AA0412
:10B968009D049004840477046B045E045204450427
:10B9780039042C041F0413040604FA03ED03E1033D
:10B98800D403C703BB03AE03A203950389037C0357
:10B998007003630356034A033D033103240318036A
:10B9A8000B03FE02F202E502D902CC02C002B30286
:10B9B800A7029A028D028102740268025B024F029A
:10B9C8004202350229021C0210020302F701EA01B1
:10B9D800DE01D101C401B801AB019F0192018601CA
:10B9E80079016C016001530147013A012E012101DF
:10B9F80014010801FB00EF00E200D600C900BC00FA
:10BA0800B000A30097008A007E007100650058000E
:10BA18004B003F003200260019000D00000052497B
:10BA28004646005741564500666D742000646174AF
:10BA380061004C495354007761766C00736C6E74E6
:10BA480000434320527374204661696C0D004343E0
:10BA58002057204661696C0D00434320522F572020
:10BA68004661696C3B2072706C3D25750D0043433F
:10BA78002052204661696C0D00434320696E697449
:10BA8800206F6B0D000000000000000000000000A7
:10BA98009F5900080B0E0C00100E112F1273150081
:10BAA80021B62210191D1A1C1BC71C091DB023EA38
:10BAB800242A2500261F2C882D312E09693263433C
:10BAC80020427573790D006932634320544F0D008D
:10BAD8006932635720427573790D00693263575292
:10BAE80020427573790D006932632030782558201B
:10BAF8004E41434B0D0A00693263206572723A2049
:10BB080025580D00005400400004004806000700B6
:10BB1800040000001F0000002000000002000000D8
:10BB2800746F74616C20737061636520616C6C6FF5
:10BB380063617465642066726F6D207379737465D0
:10BB48006D3A2025750D6E756D626572206F6620E1
:10BB58006E6F6E2D696E757365206368756E6B7395
:10BB68003A2025750D6E756D626572206F66206DC1
:10BB78006D617070656420726567696F6E733A20D5
:10BB880025750D746F74616C20737061636520692D
:10BB98006E206D6D617070656420726567696F6E87
:10BBA800733A2025750D746F74616C20616C6C6F2D
:10BBB80063617465642073706163653A2025750D4F
:10BBC800746F74616C206E6F6E2D696E757365206D
:10BBD80073706163653A2025750D746F702D6D6FF4
:10BBE80073742C2072656C65617361626C653A20B0
:10BBF80025750D000D486172644661756C740D0001
:10BC0800566563746F72353800556E68616E646C82
:10BC180065642025530D00566563746F72354300C3
:10BC2800566563746F72363000566563746F72368A
:10BC38003400566563746F72363800566563746FE6
:10BC480072394300566563746F724530004148424B
:10BC5800467265713D25754D487A3B204150423109
:10BC6800467265713D25754D487A3B2041504232F8
:10BC7800467265713D25754D487A0D00000000003B
:10BC88000000000001020304060708090000000084
:10BC980001020304A0860100400D0300801A06007B
:10BCA80000350C0040420F0080841E0000093D0052
:10BCB80000127A000024F40000366E010048E80102
:10BCC800006CDC020000000000000000E1770008C2
:10BCD80000000000000000004D7B0008217F0008E4
:10BCE800377F0008D8FCFFFF00000000257F000810
:10BCF8003B7F0008696E694E6F53656374696F6EA8
:10BD08002025530D00696E694E6F4B65790D00450E
:10BD18006D7074792066696C652025530D00255374
:10BD28003A206E6F7420666F756E640D004F7065F3
:10BD38006E46696C65206572726F723A2025750DC2
:10BD480000534420636F6E6E656374206572726F72
:10BD5800720D0053442063617061636974793A20FD
:10BD680025750D005344206D6F756E7420657272D1
:10BD78006F720D005344206572726F720D000020BF
:10BD88002020202020202020282828282820202083
:10BD98002020202020202020202020202020208833
:10BDA8001010101010101010101010101010100497
:10BDB80004040404040404040410101010101010E7
:10BDC80041414141414101010101010101010101DB
:10BDD80001010101010101010101101010101010F1
:10BDE80042424242424202020202020202020202AB
:10BDF80002020202020202020202101010102000C7
:10BE0800000000000000000000000000000000002A
:10BE1800000000000000000000000000000000001A
:10BE2800000000000000000000000000000000000A
:10BE380000000000000000000000000000000000FA
:10BE480000000000000000000000000000000000EA
:10BE580000000000000000000000000000000000DA
:10BE680000000000000000000000000000000000CA
:10BE780000000000000000000000000000000000BA
:08BE88003CC9FF7F010000002E
:10BE90000A00000001000000D8990008687C00201A
:10BEA00001000000B089002000000000748800201C
:10BEB000DC88002044890020000000000000000011
:10BEC0000000000000000000000000000000000072
:10BED0000000000000000000000000000000000062
:10BEE0000000000000000000000000000000000052
:08BEF000000000001810002002
:04000005080001BD31
:00000001FF
